{
    "data": [
        {
            "title": "Remote FiLe Inclusion",
            "slug": "Remote-FiLe-Inclusion"
        },
        {
            "title": "Command Line",
            "slug": "cmd"
        },
        {
            "title": "cross site scripting (xss)",
            "slug": "xss-injection"
        },
        {
            "title": "HTML",
            "slug": "html"
        },
        {
            "title": "SQL",
            "slug": "SQLI"
        },
        {
            "title": "XML",
            "slug": "XML-Injection"
        },
        {
            "title": "Proxy",
            "slug": "VPN"
        }
    ]
}