{"info":{"title":"Security Tool","description":"","version":"1.0.0"},"tags":[],"paths":{"/auth/register":{"post":{"summary":"Registration","deprecated":false,"description":"","tags":[],"parameters":[{"name":"body","in":"body","schema":{"type":"string"}}],"responses":{"200":{"description":"Success","schema":{"type":"object","properties":{}}}},"security":[{"bearer":[]}],"consumes":["text/plain"],"produces":["application/json"]}},"/seo/home":{"put":{"summary":"Seo","deprecated":false,"description":"","tags":[],"parameters":[{"name":"origin","in":"query","description":"","required":false,"type":"string","x-example":""},{"name":"Origin","in":"header","description":"","required":true,"type":"string","x-example":"http://localhost:3000"},{"name":"x-origin","in":"header","description":"","required":true,"type":"string","x-example":"http://localhost:3000"},{"name":"body","in":"body","schema":{"type":"object","properties":{"meta_data":{"type":"array","items":{"type":"object","properties":{"title":{"type":"string"},"description":{"type":"string"},"keywords":{"type":"string"}}}}},"required":["meta_data"]}}],"responses":{"200":{"description":"Success","schema":{"type":"object","properties":{}}}},"security":[{"bearer":[]}],"consumes":["application/json"],"produces":["application/json"]},"get":{"summary":"Seo","deprecated":false,"description":"","tags":[],"parameters":[{"name":"origin","in":"query","description":"","required":false,"type":"string","x-example":""},{"name":"Origin","in":"header","description":"","required":true,"type":"string","x-example":"http://localhost:3000"},{"name":"x-origin","in":"header","description":"","required":true,"type":"string","x-example":"http://localhost:3000"},{"name":"body","in":"body","schema":{"type":"object","properties":{}}}],"responses":{"200":{"description":"Success","schema":{"type":"object","properties":{}}}},"security":[{"bearer":[]}],"consumes":["application/json"],"produces":["application/json"]},"delete":{"summary":"Seo","deprecated":false,"description":"","tags":[],"parameters":[{"name":"origin","in":"query","description":"","required":false,"type":"string","x-example":""},{"name":"Origin","in":"header","description":"","required":true,"type":"string","x-example":"http://localhost:3000"},{"name":"x-origin","in":"header","description":"","required":true,"type":"string","x-example":"http://localhost:3000"},{"name":"body","in":"body","schema":{"type":"object","properties":{"meta_data":{"type":"array","items":{"type":"object","properties":{"title":{"type":"string"},"description":{"type":"string"},"keywords":{"type":"string"}}}}},"required":["meta_data"]}}],"responses":{"200":{"description":"Success","schema":{"type":"object","properties":{}}}},"security":[{"bearer":[]}],"consumes":["application/json"],"produces":["application/json"]}},"/auth/login":{"post":{"summary":"Login","deprecated":false,"description":"","tags":[],"parameters":[{"name":"body","in":"body","schema":{"type":"object","properties":{"email":{"type":"string"},"password":{"type":"string"}},"required":["email","password"]}}],"responses":{"200":{"description":"Success","schema":{"type":"object","properties":{}}}},"security":[{"bearer":[]}],"consumes":["application/json"],"produces":["application/json"]}},"/auth/profile":{"get":{"summary":"Profile","deprecated":false,"description":"","tags":[],"parameters":[],"responses":{"200":{"description":"Success","schema":{"type":"object","properties":{}}}},"security":[{"bearer":[]}],"produces":["application/json"]}}},"swagger":"2.0","host":"localhost:20000","schemes":["http"],"basePath":"/","definitions":{},"securityDefinitions":{"bearer":{"type":"apiKey","name":"Authorization","in":"header"}},"x-components":{}}