{
    "possibleLoginTexts": [
        "Login",
        "Sign-up",
        "Request OTP",
        "Get OTP",
        "Register",
        "Create account",
        "Sign in",
        "Sign in with",
        "Sign in using",
        "Sign in to",
        "Sign in with your",
        "Sign in with your account",
        "Sign in with your email",
        "Sign in with your phone",
        "Sign in with your username",
        "Sign in with your password",
        "Sign in with your social account",
        "Sign in with your social media account",
        "Sign in with your Google account",
        "Sign in with your Facebook account",
        "Sign in with your Twitter account",
        "Sign in with your LinkedIn account",
        "Sign in with your GitHub account",
        "Sign in with your Microsoft account",
        "Sign in with your Apple account",
        "Sign in with your Amazon account",
        "Sign in with your Instagram account",
        "Sign in with your Pinterest account",
        "Sign in with your Snapchat account",
        "Sign in with your TikTok account",
        "Sign in with your Reddit account",
        "Sign in with your Tumblr account",
        "Sign in with your Yahoo account",
        "Sign in with your AOL account",
        "Sign in with your Outlook account",
        "Sign in with your ProtonMail account",
        "Sign in with your Yandex account",
        "Sign in with your Mail.ru account",
        "Sign in with your Zoho account",
        "Sign in with your Tutanota account",
        "Sign in with your GMX account",
        "Sign in with your iCloud account",
        "Sign in with your FastMail account",
        "Sign in with your Hushmail account",
        "Sign in with your Runbox account",
        "Sign in with your Disroot account",
        "Sign in with your Riseup account",
        "Sign in with your StartMail account",
        "Sign in with your CounterMail account",
        "Sign in with your SCRYPTmail account",
        "Sign in with your CTemplar account",
        "Sign in with your Mailfence account",
        "Sign in with your LuxSci account",
        "Sign in with your Posteo account"
    ],
    "possibleSignupTexts": [
        "Sign-up",
        "Get OTP",
        "Register",
        "Create account",
        "Sign up",
        "Sign up with",
        "Sign up using",
        "Sign up to"
    ],
    "queryParams": [
        "?q=",
        "?query=",
        "?limit=",
        "?offset=",
        "?page=",
        "?p=",
        "?sort=",
        "?order=",
        "?filter=",
        "?type=",
        "?s=",
        "?search=",
        "?keyword=",
        "?keywords=",
        "?term=",
        "?terms=",
        "?phrase=",
        "?phrases=",
        "?category=",
        "?cat=",
        "?categories=",
        "?tag=",
        "?tags=",
        "?topic=",
        "?topics=",
        "?subject=",
        "?subjects=",
        "?author=",
        "?authors=",
        "?user=",
        "?users=",
        "?username=",
        "?usernames=",
        "&q=",
        "&query=",
        "&s=",
        "&search=",
        "&limit=",
        "&offset=",
        "&page=",
        "&p=",
        "&sort=",
        "&order=",
        "&filter=",
        "&type=",
        "&keyword=",
        "&keywords=",
        "&term=",
        "&terms=",
        "&phrase=",
        "&phrases=",
        "&category=",
        "&cat=",
        "&categories=",
        "&tag=",
        "&tags=",
        "&topic=",
        "&topics=",
        "&subject=",
        "&subjects=",
        "&author=",
        "&authors=",
        "&user=",
        "&users=",
        "&username=",
        "&usernames="
    ],
    "ignorePatterns": [
        "#",
        ".mailto",
        ".tel",
        ".javascript",
        ".pdf",
        ".jpg",
        ".png",
        ".jpeg",
        ".doc",
        ".docx",
        ".xls",
        ".xlsx",
        ".ppt",
        ".pptx",
        ".csv",
        ".xml",
        ".json",
        ".zip",
        ".rar",
        ".tar",
        ".gz",
        ".7z",
        ".mp3",
        ".mp4",
        ".avi",
        ".mov",
        ".wmv",
        ".flv",
        ".ogg",
        ".webm",
        ".wav",
        ".wma",
        ".aac",
        ".flac",
        ".alac",
        ".aiff",
        ".ape",
        ".m4a",
        ".mid",
        ".midi",
        ".amr",
        ".mka",
        ".opus",
        ".ra",
        ".rm",
        ".vqf",
        ".wv",
        ".webp",
        ".svg",
        ".gif",
        ".bmp",
        ".ico",
        ".tiff",
        ".psd",
        ".eps",
        ".ai",
        ".indd",
        ".raw",
        ".cr2",
        ".nef",
        ".orf",
        ".sr2",
        ".pef",
        ".dng",
        ".x3f",
        ".arw",
        ".rw2",
        ".rwl"
    ],
    "possibleauthapiTexts": [
        "login",
        "signin",
        "account",
        "authenticate",
        "authentication",
        "authorization",
        "authorize",
        "verify"
    ],
    "apiRequestsToAbort": [
        "/client/protection"
    ],
    "authenticatedRoutes": [
        "/dashboard",
        "/profile",
        "/settings",
        "/account",
        "/orders",
        "/cart",
        "/checkout",
        "/billing",
        "/subscriptions",
        "/messages",
        "/notifications",
        "/admin",
        "/analytics",
        "/reports",
        "/projects",
        "/tasks",
        "/team",
        "/documents",
        "/files",
        "/uploads",
        "/downloads",
        "/bookmarks",
        "/favorites",
        "/galleries",
        "/playlists",
        "/campaigns",
        "/leads",
        "/contacts",
        "/calendar",
        "/appointments",
        "/schedule",
        "/timesheet",
        "/payroll",
        "/invoices",
        "/expenses",
        "/budgets",
        "/finance",
        "/tax",
        "/compliance",
        "/support",
        "/tickets",
        "/knowledgebase",
        "/forums",
        "/blogs",
        "/articles",
        "/comments",
        "/reviews",
        "/ratings",
        "/votes",
        "/polls",
        "/surveys",
        "/feedback",
        "/suggestions",
        "/ideas",
        "/roadmap",
        "/changelog",
        "/updates",
        "/releases",
        "/versions",
        "/contributors",
        "/members",
        "/followers",
        "/ress",
        "/friends",
        "/groups",
        "/communities",
        "/channels",
        "/streams",
        "/broadcasts",
        "/livestreams",
        "/webinars",
        "/workshops",
        "/courses",
        "/lessons",
        "/modules",
        "/quizzes",
        "/exams",
        "/certifications",
        "/badges",
        "/achievements",
        "/leaderboards",
        "/scorecards",
        "/metrics",
        "/insights",
        "/reports",
        "/audits",
        "/logs",
        "/monitoring",
        "/alerts",
        "/incidents",
        "/outages",
        "/maintenance",
        "/backups",
        "/restores",
        "/migrations",
        "/upgrades",
        "/installations",
        "/deployments",
        "/integrations",
        "/apis",
        "/webhooks",
        "/plugins",
        "/extensions",
        "/addons",
        "/customizations",
        "/preferences",
        "/configurations",
        "/settings",
        "/security",
        "/permissions",
        "/roles",
        "/access",
        "/authorization",
        "/authentication",
        "/sessions",
        "/passwords",
        "/reset",
        "/verify",
        "/activate",
        "/deactivate",
        "/suspend",
        "/terminate",
        "/delete",
        "/archive",
        "/restore",
        "/import",
        "/export",
        "/backup",
        "/migrate",
        "/transfer",
        "/convert",
        "/transform",
        "/translate",
        "/localize",
        "/internationalize"
    ],
    "hints404": [
        "Not Found",
        "404 Not Found",
        "Page Not Found",
        "404 Error",
        "The page you requested could not be found",
        "We couldn't find the page you were looking for",
        "The requested URL was not found on this server",
        "Oops! 404",
        "Error 404",
        "The page you are looking for might have been removed",
        "The URL you requested does not exist",
        "The page you're trying to access cannot be found",
        "Sorry, the page you're looking for is not found",
        "Whoops, looks like this page is missing",
        "This page doesn't exist or has been removed",
        "The content you're seeking could not be found",
        "Apologies, but the page you requested was not found",
        "We're unable to locate the page you're searching for",
        "Unfortunately, the requested page is nowhere to be found",
        "The page you're looking for seems to be lost in cyberspace",
        "This URL doesn't lead anywhere, it's a dead end"
    ],
    "TwoStepVerificationCodes": [
        "otp",
        "verification",
        "two-factor",
        "captcha",
        "recaptcha",
        "re-captcha",
        "re captcha",
        "recaptcha v3",
        "re-captcha v3",
        "re captcha v3",
        "recaptcha v2",
        "re-captcha v2",
        "re captcha v2",
        "two step",
        "two step verification",
        "two factor",
        "two factor authentication",
        "2fa",
        "mfa",
        "multi-factor authentication",
        "multi factor authentication",
        "authentication code",
        "authenticator",
        "authenticator app",
        "security code",
        "sms code",
        "email code",
        "auth code",
        "verification code",
        "passwordless login",
        "one-time password",
        "time-based one-time password",
        "topt"
    ],
    "directoryListingPatterns": [
        "<title>Index of",
        "Parent Directory",
        "<h1>Index of"
    ]
}