{
    "dependencies": {
        "cookie-parser": "^1.4.6",
        "cors": "^2.8.5",
        "crypto-js": "^4.1.1",
        "dotenv": "^16.0.3",
        "ejs": "^3.1.8",
        "express": "^4.18.2",
        "express-fileupload": "^1.4.0",
        "express-rate-limit": "^6.7.0",
        "express-session": "^1.17.3",
        "express-validator": "^6.14.2",
        "helmet": "^6.0.1",
        "https": "^1.0.0",
        "jsonwebtoken": "^9.0.0",
        "mongoose": "^6.7.5",
        "morgan": "^1.10.0",
        "node-device-detector": "^2.0.11"
      },
    "devDependencies": {
      "nodemon": "^2.0.14"
    }
  }