{
  "auditReportVersion": 2,
  "vulnerabilities": {
    "axios": {
      "name": "axios",
      "severity": "moderate",
      "isDirect": true,
      "via": [
        {
          "source": 1096526,
          "name": "axios",
          "dependency": "axios",
          "title": "Axios Cross-Site Request Forgery Vulnerability",
          "url": "https://github.com/advisories/GHSA-wf5p-g6vw-rhxx",
          "severity": "moderate",
          "cwe": [
            "CWE-352"
          ],
          "cvss": {
            "score": 6.5,
            "vectorString": "CVSS:3.1/AV:N/AC:L/PR:N/UI:R/S:U/C:H/I:N/A:N"
          },
          "range": ">=1.0.0 <1.6.0"
        }
      ],
      "effects": [],
      "range": "1.0.0 - 1.5.1",
      "nodes": [
        "node_modules/axios"
      ],
      "fixAvailable": true
    },
    "crypto-js": {
      "name": "crypto-js",
      "severity": "critical",
      "isDirect": true,
      "via": [
        {
          "source": 1096365,
          "name": "crypto-js",
          "dependency": "crypto-js",
          "title": "crypto-js PBKDF2 1,000 times weaker than specified in 1993 and 1.3M times weaker than current standard",
          "url": "https://github.com/advisories/GHSA-xwcq-pm8m-c4vf",
          "severity": "critical",
          "cwe": [
            "CWE-327",
            "CWE-328",
            "CWE-916"
          ],
          "cvss": {
            "score": 9.1,
            "vectorString": "CVSS:3.1/AV:N/AC:L/PR:N/UI:N/S:U/C:H/I:H/A:N"
          },
          "range": "<4.2.0"
        }
      ],
      "effects": [],
      "range": "<4.2.0",
      "nodes": [
        "node_modules/crypto-js"
      ],
      "fixAvailable": true
    },
    "follow-redirects": {
      "name": "follow-redirects",
      "severity": "moderate",
      "isDirect": false,
      "via": [
        {
          "source": 1096353,
          "name": "follow-redirects",
          "dependency": "follow-redirects",
          "title": "Follow Redirects improperly handles URLs in the url.parse() function",
          "url": "https://github.com/advisories/GHSA-jchw-25xp-jwwc",
          "severity": "moderate",
          "cwe": [
            "CWE-20",
            "CWE-601"
          ],
          "cvss": {
            "score": 6.1,
            "vectorString": "CVSS:3.1/AV:N/AC:L/PR:N/UI:R/S:C/C:L/I:L/A:N"
          },
          "range": "<1.15.4"
        },
        {
          "source": 1096692,
          "name": "follow-redirects",
          "dependency": "follow-redirects",
          "title": "follow-redirects' Proxy-Authorization header kept across hosts",
          "url": "https://github.com/advisories/GHSA-cxjh-pqwp-8mfp",
          "severity": "moderate",
          "cwe": [],
          "cvss": {
            "score": 6.5,
            "vectorString": "CVSS:3.1/AV:N/AC:L/PR:L/UI:N/S:U/C:H/I:N/A:N"
          },
          "range": "<=1.15.5"
        }
      ],
      "effects": [],
      "range": "<=1.15.5",
      "nodes": [
        "node_modules/follow-redirects"
      ],
      "fixAvailable": true
    },
    "get-func-name": {
      "name": "get-func-name",
      "severity": "high",
      "isDirect": false,
      "via": [
        {
          "source": 1094574,
          "name": "get-func-name",
          "dependency": "get-func-name",
          "title": "Chaijs/get-func-name vulnerable to ReDoS",
          "url": "https://github.com/advisories/GHSA-4q6p-r6v2-jvc5",
          "severity": "high",
          "cwe": [
            "CWE-400",
            "CWE-1333"
          ],
          "cvss": {
            "score": 7.5,
            "vectorString": "CVSS:3.1/AV:N/AC:L/PR:N/UI:N/S:U/C:N/I:N/A:H"
          },
          "range": "<2.0.1"
        }
      ],
      "effects": [],
      "range": "<2.0.1",
      "nodes": [
        "node_modules/get-func-name"
      ],
      "fixAvailable": true
    },
    "ip": {
      "name": "ip",
      "severity": "moderate",
      "isDirect": false,
      "via": [
        {
          "source": 1096571,
          "name": "ip",
          "dependency": "ip",
          "title": "NPM IP package incorrectly identifies some private IP addresses as public",
          "url": "https://github.com/advisories/GHSA-78xj-cgh5-2h22",
          "severity": "moderate",
          "cwe": [
            "CWE-918"
          ],
          "cvss": {
            "score": 0,
            "vectorString": null
          },
          "range": "=2.0.0"
        }
      ],
      "effects": [],
      "range": "2.0.0",
      "nodes": [
        "node_modules/ip"
      ],
      "fixAvailable": true
    },
    "mongodb": {
      "name": "mongodb",
      "severity": "moderate",
      "isDirect": false,
      "via": [
        {
          "source": 1096429,
          "name": "mongodb",
          "dependency": "mongodb",
          "title": "MongoDB Driver may publish events containing authentication-related data",
          "url": "https://github.com/advisories/GHSA-vxvm-qww3-2fh7",
          "severity": "moderate",
          "cwe": [
            "CWE-200",
            "CWE-532"
          ],
          "cvss": {
            "score": 4.2,
            "vectorString": "CVSS:3.1/AV:L/AC:L/PR:H/UI:R/S:U/C:H/I:N/A:N"
          },
          "range": ">=4.0.0 <4.17.0"
        }
      ],
      "effects": [
        "mongoose"
      ],
      "range": "4.0.0 - 4.16.0",
      "nodes": [
        "node_modules/mongodb"
      ],
      "fixAvailable": true
    },
    "mongoose": {
      "name": "mongoose",
      "severity": "critical",
      "isDirect": true,
      "via": [
        {
          "source": 1095081,
          "name": "mongoose",
          "dependency": "mongoose",
          "title": "Mongoose Prototype Pollution vulnerability",
          "url": "https://github.com/advisories/GHSA-9m93-w8w6-76hh",
          "severity": "critical",
          "cwe": [
            "CWE-1321"
          ],
          "cvss": {
            "score": 10,
            "vectorString": "CVSS:3.0/AV:N/AC:L/PR:N/UI:N/S:C/C:H/I:N/A:H"
          },
          "range": ">=6.0.0 <6.11.3"
        },
        "mongodb"
      ],
      "effects": [],
      "range": "0.0.3 - 0.0.6 || 6.0.0-rc0 - 6.11.6",
      "nodes": [
        "node_modules/mongoose"
      ],
      "fixAvailable": true
    },
    "semver": {
      "name": "semver",
      "severity": "moderate",
      "isDirect": false,
      "via": [
        {
          "source": 1096482,
          "name": "semver",
          "dependency": "semver",
          "title": "semver vulnerable to Regular Expression Denial of Service",
          "url": "https://github.com/advisories/GHSA-c2qf-rxjj-qqgw",
          "severity": "moderate",
          "cwe": [
            "CWE-1333"
          ],
          "cvss": {
            "score": 5.3,
            "vectorString": "CVSS:3.1/AV:N/AC:L/PR:N/UI:N/S:U/C:N/I:N/A:L"
          },
          "range": ">=7.0.0 <7.5.2"
        }
      ],
      "effects": [],
      "range": "7.0.0 - 7.5.1",
      "nodes": [
        "node_modules/semver"
      ],
      "fixAvailable": true
    }
  },
  "metadata": {
    "vulnerabilities": {
      "info": 0,
      "low": 0,
      "moderate": 5,
      "high": 1,
      "critical": 2,
      "total": 8
    },
    "dependencies": {
      "prod": 265,
      "dev": 69,
      "optional": 79,
      "peer": 0,
      "peerOptional": 0,
      "total": 412
    }
  }
}
