[{"words\r":"/\r"},{"words\r":"0\r"},{"words\r":"0\r"},{"words\r":"0\r"},{"words\r":"0\r"},{"words\r":"7\r"},{"words\r":"7\r"},{"words\r":"7007\r"},{"words\r":"1\r"},{"words\r":"2\r"},{"words\r":"246\r"},{"words\r":"249\r"},{"words\r":"3\r"},{"words\r":"1\r"},{"words\r":"10\r"},{"words\r":"100\r"},{"words\r":"1000\r"},{"words\r":"101\r"},{"words\r":"102\r"},{"words\r":"1022\r"},{"words\r":"103\r"},{"words\r":"10sne1\r"},{"words\r":"111111\r"},{"words\r":"121212\r"},{"words\r":"1225\r"},{"words\r":"123\r"},{"words\r":"123123\r"},{"words\r":"1234\r"},{"words\r":"12345\r"},{"words\r":"123456\r"},{"words\r":"1234567\r"},{"words\r":"12345678\r"},{"words\r":"1234qwer\r"},{"words\r":"123abc\r"},{"words\r":"123go\r"},{"words\r":"1313\r"},{"words\r":"131313\r"},{"words\r":"13579\r"},{"words\r":"14430\r"},{"words\r":"1701d\r"},{"words\r":"1928\r"},{"words\r":"1951\r"},{"words\r":"1998\r"},{"words\r":"1999\r"},{"words\r":"1a2b3c\r"},{"words\r":"1p2o3i\r"},{"words\r":"1q2w3e\r"},{"words\r":"1qw23e\r"},{"words\r":"1sanjose\r"},{"words\r":"1x1\r"},{"words\r":"2\r"},{"words\r":"20\r"},{"words\r":"200\r"},{"words\r":"2000\r"},{"words\r":"2001\r"},{"words\r":"2002\r"},{"words\r":"2003\r"},{"words\r":"2004\r"},{"words\r":"2005\r"},{"words\r":"2006\r"},{"words\r":"2007\r"},{"words\r":"2112\r"},{"words\r":"21122112\r"},{"words\r":"2222\r"},{"words\r":"2welcome\r"},{"words\r":"3\r"},{"words\r":"30\r"},{"words\r":"300\r"},{"words\r":"369\r"},{"words\r":"4444\r"},{"words\r":"4runner\r"},{"words\r":"5252\r"},{"words\r":"54321\r"},{"words\r":"5555\r"},{"words\r":"5683\r"},{"words\r":"654321\r"},{"words\r":"666666\r"},{"words\r":"6969\r"},{"words\r":"696969\r"},{"words\r":"777\r"},{"words\r":"7777\r"},{"words\r":"80486\r"},{"words\r":"8675309\r"},{"words\r":"888888\r"},{"words\r":"90210\r"},{"words\r":"911\r"},{"words\r":"92072\r"},{"words\r":"99999999\r"},{"words\r":"@\r"},{"words\r":"A\r"},{"words\r":"About\r"},{"words\r":"AboutUs\r"},{"words\r":"Admin\r"},{"words\r":"Administration\r"},{"words\r":"Archive\r"},{"words\r":"Articles\r"},{"words\r":"B\r"},{"words\r":"Blog\r"},{"words\r":"Books\r"},{"words\r":"Business\r"},{"words\r":"C\r"},{"words\r":"CPAN\r"},{"words\r":"CVS\r"},{"words\r":"CYBERDOCS\r"},{"words\r":"CYBERDOCS25\r"},{"words\r":"CYBERDOCS31\r"},{"words\r":"ChangeLog\r"},{"words\r":"Computers\r"},{"words\r":"Contact\r"},{"words\r":"ContactUs\r"},{"words\r":"Content\r"},{"words\r":"Creatives\r"},{"words\r":"D\r"},{"words\r":"DEMO\r"},{"words\r":"Default\r"},{"words\r":"Demo\r"},{"words\r":"Download\r"},{"words\r":"Downloads\r"},{"words\r":"E\r"},{"words\r":"Education\r"},{"words\r":"English\r"},{"words\r":"Entertainment\r"},{"words\r":"Events\r"},{"words\r":"Extranet\r"},{"words\r":"F\r"},{"words\r":"FAQ\r"},{"words\r":"G\r"},{"words\r":"Games\r"},{"words\r":"Global\r"},{"words\r":"Graphics\r"},{"words\r":"H\r"},{"words\r":"HTML\r"},{"words\r":"Health\r"},{"words\r":"Help\r"},{"words\r":"Home\r"},{"words\r":"I\r"},{"words\r":"INSTALL_admin\r"},{"words\r":"Image\r"},{"words\r":"Images\r"},{"words\r":"Index\r"},{"words\r":"Internet\r"},{"words\r":"J\r"},{"words\r":"Java\r"},{"words\r":"L\r"},{"words\r":"Legal\r"},{"words\r":"Links\r"},{"words\r":"Linux\r"},{"words\r":"Log\r"},{"words\r":"Login\r"},{"words\r":"Logs\r"},{"words\r":"M\r"},{"words\r":"M_images\r"},{"words\r":"Main\r"},{"words\r":"Main_Page\r"},{"words\r":"Media\r"},{"words\r":"Members\r"},{"words\r":"Menus\r"},{"words\r":"Misc\r"},{"words\r":"Music\r"},{"words\r":"N\r"},{"words\r":"News\r"},{"words\r":"O\r"},{"words\r":"OasDefault\r"},{"words\r":"P\r"},{"words\r":"PDF\r"},{"words\r":"PRUEBA\r"},{"words\r":"PRUEBAS\r"},{"words\r":"Pages\r"},{"words\r":"People\r"},{"words\r":"Press\r"},{"words\r":"Privacy\r"},{"words\r":"PrivacyPolicy\r"},{"words\r":"Products\r"},{"words\r":"Projects\r"},{"words\r":"Prova\r"},{"words\r":"Provas\r"},{"words\r":"Pruebas\r"},{"words\r":"Publications\r"},{"words\r":"R\r"},{"words\r":"RCS\r"},{"words\r":"README\r"},{"words\r":"RSS\r"},{"words\r":"RealMedia\r"},{"words\r":"Research\r"},{"words\r":"Resources\r"},{"words\r":"S\r"},{"words\r":"Scripts\r"},{"words\r":"Search\r"},{"words\r":"Security\r"},{"words\r":"Services\r"},{"words\r":"Servlet\r"},{"words\r":"Servlets\r"},{"words\r":"SiteMap\r"},{"words\r":"SiteServer\r"},{"words\r":"Sites\r"},{"words\r":"Software\r"},{"words\r":"Sources\r"},{"words\r":"Sports\r"},{"words\r":"Statistics\r"},{"words\r":"Stats\r"},{"words\r":"Support\r"},{"words\r":"T\r"},{"words\r":"TEST\r"},{"words\r":"TESTS\r"},{"words\r":"Technology\r"},{"words\r":"Test\r"},{"words\r":"Tests\r"},{"words\r":"Themes\r"},{"words\r":"Travel\r"},{"words\r":"U\r"},{"words\r":"US\r"},{"words\r":"Utilities\r"},{"words\r":"V\r"},{"words\r":"Video\r"},{"words\r":"W\r"},{"words\r":"W3SVC\r"},{"words\r":"W3SVC1\r"},{"words\r":"W3SVC2\r"},{"words\r":"W3SVC3\r"},{"words\r":"WEB-INF\r"},{"words\r":"Windows\r"},{"words\r":"X\r"},{"words\r":"XML\r"},{"words\r":"_admin\r"},{"words\r":"_images\r"},{"words\r":"_mem_bin\r"},{"words\r":"_pages\r"},{"words\r":"_vti_aut\r"},{"words\r":"_vti_bin\r"},{"words\r":"_vti_cnf\r"},{"words\r":"_vti_log\r"},{"words\r":"_vti_pvt\r"},{"words\r":"_vti_rpc\r"},{"words\r":"a\r"},{"words\r":"a12345\r"},{"words\r":"a1b2c3\r"},{"words\r":"a1b2c3d4\r"},{"words\r":"aa\r"},{"words\r":"aaa\r"},{"words\r":"aaaaaa\r"},{"words\r":"aaron\r"},{"words\r":"abajo\r"},{"words\r":"abby\r"},{"words\r":"abc\r"},{"words\r":"abc123\r"},{"words\r":"abcd\r"},{"words\r":"abcd1234\r"},{"words\r":"abcde\r"},{"words\r":"abcdef\r"},{"words\r":"abcdefg\r"},{"words\r":"abigail\r"},{"words\r":"about\r"},{"words\r":"about-us\r"},{"words\r":"aboutUs\r"},{"words\r":"about_us\r"},{"words\r":"aboutus\r"},{"words\r":"absolut\r"},{"words\r":"abstract\r"},{"words\r":"academia\r"},{"words\r":"academic\r"},{"words\r":"academics\r"},{"words\r":"acces\r"},{"words\r":"acceso\r"},{"words\r":"access\r"},{"words\r":"accessgranted\r"},{"words\r":"accessibility\r"},{"words\r":"accessories\r"},{"words\r":"acciones\r"},{"words\r":"account\r"},{"words\r":"accounting\r"},{"words\r":"accounts\r"},{"words\r":"achitecture\r"},{"words\r":"action\r"},{"words\r":"actions\r"},{"words\r":"active\r"},{"words\r":"actividad\r"},{"words\r":"actividades\r"},{"words\r":"activitats\r"},{"words\r":"activities\r"},{"words\r":"actual\r"},{"words\r":"acura\r"},{"words\r":"ad\r"},{"words\r":"ada\r"},{"words\r":"adam\r"},{"words\r":"adclick\r"},{"words\r":"add\r"},{"words\r":"adg\r"},{"words\r":"adidas\r"},{"words\r":"adlog\r"},{"words\r":"adm\r"},{"words\r":"admin\r"},{"words\r":"admin_\r"},{"words\r":"admin_login\r"},{"words\r":"admin_logon\r"},{"words\r":"adminhelp\r"},{"words\r":"administracio\r"},{"words\r":"administracion\r"},{"words\r":"administrat\r"},{"words\r":"administration\r"},{"words\r":"administrator\r"},{"words\r":"adminlogin\r"},{"words\r":"adminlogon\r"},{"words\r":"adminsitradores\r"},{"words\r":"adminsql\r"},{"words\r":"admissions\r"},{"words\r":"admon\r"},{"words\r":"adrian\r"},{"words\r":"adrianna\r"},{"words\r":"ads\r"},{"words\r":"adsl\r"},{"words\r":"adv\r"},{"words\r":"advanced\r"},{"words\r":"advanced_search\r"},{"words\r":"advertise\r"},{"words\r":"advertisement\r"},{"words\r":"advertising\r"},{"words\r":"adview\r"},{"words\r":"advil\r"},{"words\r":"advisories\r"},{"words\r":"aeh\r"},{"words\r":"aerobics\r"},{"words\r":"afegir\r"},{"words\r":"affiliate\r"},{"words\r":"affiliates\r"},{"words\r":"africa\r"},{"words\r":"agafar\r"},{"words\r":"agenda\r"},{"words\r":"agent\r"},{"words\r":"agents\r"},{"words\r":"airplane\r"},{"words\r":"ajax\r"},{"words\r":"ajuda\r"},{"words\r":"alaska\r"},{"words\r":"albany\r"},{"words\r":"albatross\r"},{"words\r":"albert\r"},{"words\r":"album\r"},{"words\r":"albums\r"},{"words\r":"alert\r"},{"words\r":"alerts\r"},{"words\r":"alex\r"},{"words\r":"alex1\r"},{"words\r":"alexande\r"},{"words\r":"alexander\r"},{"words\r":"alexandr\r"},{"words\r":"alexis\r"},{"words\r":"alf\r"},{"words\r":"alfred\r"},{"words\r":"algebra\r"},{"words\r":"alias\r"},{"words\r":"aliases\r"},{"words\r":"alice\r"},{"words\r":"alicia\r"},{"words\r":"aliens\r"},{"words\r":"alisa\r"},{"words\r":"alison\r"},{"words\r":"all\r"},{"words\r":"allen\r"},{"words\r":"allison\r"},{"words\r":"allo\r"},{"words\r":"almacen\r"},{"words\r":"alpha\r"},{"words\r":"alpha1\r"},{"words\r":"alphabet\r"},{"words\r":"alpine\r"},{"words\r":"alumni\r"},{"words\r":"ama\r"},{"words\r":"amadeus\r"},{"words\r":"amanda\r"},{"words\r":"amanda1\r"},{"words\r":"amazon\r"},{"words\r":"amber\r"},{"words\r":"amelie\r"},{"words\r":"america7\r"},{"words\r":"amorphous\r"},{"words\r":"amour\r"},{"words\r":"amy\r"},{"words\r":"analog\r"},{"words\r":"analyse\r"},{"words\r":"analysis\r"},{"words\r":"anchor\r"},{"words\r":"anderson\r"},{"words\r":"andre\r"},{"words\r":"andrea\r"},{"words\r":"andrew\r"},{"words\r":"andromache\r"},{"words\r":"andy\r"},{"words\r":"angel\r"},{"words\r":"angela\r"},{"words\r":"angels\r"},{"words\r":"angerine\r"},{"words\r":"angie\r"},{"words\r":"angus\r"},{"words\r":"animal\r"},{"words\r":"animals\r"},{"words\r":"anita\r"},{"words\r":"ann\r"},{"words\r":"anna\r"},{"words\r":"anne\r"},{"words\r":"annette\r"},{"words\r":"annie\r"},{"words\r":"announce\r"},{"words\r":"announcements\r"},{"words\r":"answer\r"},{"words\r":"anthony\r"},{"words\r":"anthropogenic\r"},{"words\r":"antic\r"},{"words\r":"antiguo\r"},{"words\r":"antispam\r"},{"words\r":"antivirus\r"},{"words\r":"anvils\r"},{"words\r":"any\r"},{"words\r":"anything\r"},{"words\r":"aol\r"},{"words\r":"ap\r"},{"words\r":"apache\r"},{"words\r":"api\r"},{"words\r":"aplicacion\r"},{"words\r":"apollo\r"},{"words\r":"apollo13\r"},{"words\r":"app\r"},{"words\r":"apple\r"},{"words\r":"apple1\r"},{"words\r":"apples\r"},{"words\r":"applet\r"},{"words\r":"applets\r"},{"words\r":"appliance\r"},{"words\r":"application\r"},{"words\r":"applications\r"},{"words\r":"apply\r"},{"words\r":"apps\r"},{"words\r":"april\r"},{"words\r":"ar\r"},{"words\r":"archie\r"},{"words\r":"architecture\r"},{"words\r":"archivar\r"},{"words\r":"archive\r"},{"words\r":"archives\r"},{"words\r":"archivo\r"},{"words\r":"archivos\r"},{"words\r":"area\r"},{"words\r":"aria\r"},{"words\r":"ariadne\r"},{"words\r":"ariane\r"},{"words\r":"ariel\r"},{"words\r":"arizona\r"},{"words\r":"arlene\r"},{"words\r":"arrel\r"},{"words\r":"arriba\r"},{"words\r":"arrow\r"},{"words\r":"arrow_right\r"},{"words\r":"art\r"},{"words\r":"arthur\r"},{"words\r":"article\r"},{"words\r":"articles\r"},{"words\r":"articulo\r"},{"words\r":"articulos\r"},{"words\r":"artist\r"},{"words\r":"arts\r"},{"words\r":"artxiboa\r"},{"words\r":"arxiu\r"},{"words\r":"arxius\r"},{"words\r":"asd\r"},{"words\r":"asdf\r"},{"words\r":"asdfg\r"},{"words\r":"asdfgh\r"},{"words\r":"asdfghjk\r"},{"words\r":"asdfjkl\r"},{"words\r":"asdfjkl;\r"},{"words\r":"ashley\r"},{"words\r":"asia\r"},{"words\r":"ask\r"},{"words\r":"asm\r"},{"words\r":"asp\r"},{"words\r":"aspadmin\r"},{"words\r":"aspen\r"},{"words\r":"aspnet_client\r"},{"words\r":"ass\r"},{"words\r":"assets\r"},{"words\r":"asshole\r"},{"words\r":"asterix\r"},{"words\r":"at\r"},{"words\r":"ath\r"},{"words\r":"athena\r"},{"words\r":"atmosphere\r"},{"words\r":"atom\r"},{"words\r":"attach\r"},{"words\r":"attachments\r"},{"words\r":"attila\r"},{"words\r":"au\r"},{"words\r":"audio\r"},{"words\r":"audit\r"},{"words\r":"auditoria\r"},{"words\r":"august\r"},{"words\r":"aupa\r"},{"words\r":"aurrera\r"},{"words\r":"austin\r"},{"words\r":"auth\r"},{"words\r":"author\r"},{"words\r":"authors\r"},{"words\r":"auto\r"},{"words\r":"automatic\r"},{"words\r":"automotive\r"},{"words\r":"aux\r"},{"words\r":"avalon\r"},{"words\r":"avatars\r"},{"words\r":"awards\r"},{"words\r":"awesome\r"},{"words\r":"aylmer\r"},{"words\r":"ayuda\r"},{"words\r":"aztecs\r"},{"words\r":"azure\r"},{"words\r":"b\r"},{"words\r":"b1\r"},{"words\r":"baby\r"},{"words\r":"babylon5\r"},{"words\r":"bacchus\r"},{"words\r":"bach\r"},{"words\r":"back\r"},{"words\r":"back-up\r"},{"words\r":"backdoor\r"},{"words\r":"backend\r"},{"words\r":"background\r"},{"words\r":"backoffice\r"},{"words\r":"backup\r"},{"words\r":"backups\r"},{"words\r":"badass\r"},{"words\r":"badger\r"},{"words\r":"bai\r"},{"words\r":"bailey\r"},{"words\r":"bak\r"},{"words\r":"bak-up\r"},{"words\r":"bakup\r"},{"words\r":"bamboo\r"},{"words\r":"banana\r"},{"words\r":"bananas\r"},{"words\r":"banane\r"},{"words\r":"banca\r"},{"words\r":"banco\r"},{"words\r":"bandit\r"},{"words\r":"bank\r"},{"words\r":"banks\r"},{"words\r":"banner\r"},{"words\r":"banner2\r"},{"words\r":"banners\r"},{"words\r":"bar\r"},{"words\r":"barbara\r"},{"words\r":"barber\r"},{"words\r":"baritone\r"},{"words\r":"barney\r"},{"words\r":"barry\r"},{"words\r":"bart\r"},{"words\r":"bartman\r"},{"words\r":"base\r"},{"words\r":"baseball\r"},{"words\r":"basf\r"},{"words\r":"basic\r"},{"words\r":"basil\r"},{"words\r":"baskeT\r"},{"words\r":"basket\r"},{"words\r":"basketba\r"},{"words\r":"basketball\r"},{"words\r":"bass\r"},{"words\r":"bassoon\r"},{"words\r":"batch\r"},{"words\r":"batman\r"},{"words\r":"bb\r"},{"words\r":"bbdd\r"},{"words\r":"bbs\r"},{"words\r":"bd\r"},{"words\r":"bdata\r"},{"words\r":"bdatos\r"},{"words\r":"bea\r"},{"words\r":"beach\r"},{"words\r":"beagle\r"},{"words\r":"bean\r"},{"words\r":"beaner\r"},{"words\r":"beanie\r"},{"words\r":"beans\r"},{"words\r":"bear\r"},{"words\r":"bears\r"},{"words\r":"beater\r"},{"words\r":"beatles\r"},{"words\r":"beautifu\r"},{"words\r":"beauty\r"},{"words\r":"beaver\r"},{"words\r":"beavis\r"},{"words\r":"becky\r"},{"words\r":"beer\r"},{"words\r":"beethoven\r"},{"words\r":"belle\r"},{"words\r":"beloved\r"},{"words\r":"benefits\r"},{"words\r":"benjamin\r"},{"words\r":"benny\r"},{"words\r":"benoit\r"},{"words\r":"benson\r"},{"words\r":"benz\r"},{"words\r":"beowulf\r"},{"words\r":"berkeley\r"},{"words\r":"berlin\r"},{"words\r":"berliner\r"},{"words\r":"bernard\r"},{"words\r":"bernie\r"},{"words\r":"berri\r"},{"words\r":"bertha\r"},{"words\r":"beryl\r"},{"words\r":"beta\r"},{"words\r":"beth\r"},{"words\r":"betsie\r"},{"words\r":"betty\r"},{"words\r":"beverly\r"},{"words\r":"bfi\r"},{"words\r":"bg\r"},{"words\r":"bicameral\r"},{"words\r":"bidali\r"},{"words\r":"bigbird\r"},{"words\r":"bigdog\r"},{"words\r":"bigmac\r"},{"words\r":"bigman\r"},{"words\r":"bigred\r"},{"words\r":"bilatu\r"},{"words\r":"bilbo\r"},{"words\r":"bill\r"},{"words\r":"billing\r"},{"words\r":"billy\r"},{"words\r":"bin\r"},{"words\r":"binaries\r"},{"words\r":"bingo\r"},{"words\r":"binky\r"},{"words\r":"bio\r"},{"words\r":"biology\r"},{"words\r":"bios\r"},{"words\r":"bird\r"},{"words\r":"bird33\r"},{"words\r":"birdie\r"},{"words\r":"bishop\r"},{"words\r":"bitch\r"},{"words\r":"biteme\r"},{"words\r":"biz\r"},{"words\r":"bl\r"},{"words\r":"black\r"},{"words\r":"blank\r"},{"words\r":"blazer\r"},{"words\r":"blizzard\r"},{"words\r":"blocks\r"},{"words\r":"blog\r"},{"words\r":"blogger\r"},{"words\r":"bloggers\r"},{"words\r":"blogs\r"},{"words\r":"blonde\r"},{"words\r":"blondie\r"},{"words\r":"blow\r"},{"words\r":"blowfish\r"},{"words\r":"blue\r"},{"words\r":"bluebird\r"},{"words\r":"bluesky\r"},{"words\r":"bmw\r"},{"words\r":"board\r"},{"words\r":"boards\r"},{"words\r":"bob\r"},{"words\r":"bobby\r"},{"words\r":"bobcat\r"},{"words\r":"body\r"},{"words\r":"bolsa\r"},{"words\r":"bond007\r"},{"words\r":"bonjour\r"},{"words\r":"bonnie\r"},{"words\r":"booboo\r"},{"words\r":"booger\r"},{"words\r":"boogie\r"},{"words\r":"book\r"},{"words\r":"books\r"},{"words\r":"bookstore\r"},{"words\r":"boomer\r"},{"words\r":"booster\r"},{"words\r":"boot\r"},{"words\r":"boots\r"},{"words\r":"bootsie\r"},{"words\r":"boris\r"},{"words\r":"borrar\r"},{"words\r":"borsa\r"},{"words\r":"boss\r"},{"words\r":"boston\r"},{"words\r":"bot\r"},{"words\r":"botiga\r"},{"words\r":"boton\r"},{"words\r":"botones\r"},{"words\r":"bots\r"},{"words\r":"bottom\r"},{"words\r":"box\r"},{"words\r":"boxes\r"},{"words\r":"bozo\r"},{"words\r":"br\r"},{"words\r":"bradley\r"},{"words\r":"brandi\r"},{"words\r":"brandon\r"},{"words\r":"brandy\r"},{"words\r":"braves\r"},{"words\r":"brenda\r"},{"words\r":"brewster\r"},{"words\r":"brian\r"},{"words\r":"bridge\r"},{"words\r":"bridges\r"},{"words\r":"bridget\r"},{"words\r":"bright\r"},{"words\r":"broadband\r"},{"words\r":"broadway\r"},{"words\r":"broken\r"},{"words\r":"brooke\r"},{"words\r":"browse\r"},{"words\r":"browser\r"},{"words\r":"bruce\r"},{"words\r":"brutus\r"},{"words\r":"bsd\r"},{"words\r":"bubba\r"},{"words\r":"bubba1\r"},{"words\r":"bubbles\r"},{"words\r":"buck\r"},{"words\r":"buddy\r"},{"words\r":"buffalo\r"},{"words\r":"buffy\r"},{"words\r":"bug\r"},{"words\r":"bugs\r"},{"words\r":"build\r"},{"words\r":"builder\r"},{"words\r":"bulk\r"},{"words\r":"bull\r"},{"words\r":"bulldog\r"},{"words\r":"bullet\r"},{"words\r":"bulleti\r"},{"words\r":"bullshit\r"},{"words\r":"bumbling\r"},{"words\r":"bunny\r"},{"words\r":"burgess\r"},{"words\r":"buscador\r"},{"words\r":"buscar\r"},{"words\r":"business\r"},{"words\r":"buster\r"},{"words\r":"bustia\r"},{"words\r":"butch\r"},{"words\r":"butler\r"},{"words\r":"butthead\r"},{"words\r":"button\r"},{"words\r":"buttons\r"},{"words\r":"buy\r"},{"words\r":"buzon\r"},{"words\r":"buzones\r"},{"words\r":"buzz\r"},{"words\r":"byteme\r"},{"words\r":"c\r"},{"words\r":"ca\r"},{"words\r":"cabecera\r"},{"words\r":"cache\r"},{"words\r":"cachemgr\r"},{"words\r":"cactus\r"},{"words\r":"cad\r"},{"words\r":"caesar\r"},{"words\r":"caitlin\r"},{"words\r":"caja\r"},{"words\r":"cajon\r"},{"words\r":"calaix\r"},{"words\r":"calendar\r"},{"words\r":"californ\r"},{"words\r":"calvin\r"},{"words\r":"camaro\r"},{"words\r":"camera\r"},{"words\r":"camille\r"},{"words\r":"campaign\r"},{"words\r":"campanile\r"},{"words\r":"campanyes\r"},{"words\r":"campbell\r"},{"words\r":"camping\r"},{"words\r":"can\r"},{"words\r":"canada\r"},{"words\r":"canced\r"},{"words\r":"candi\r"},{"words\r":"candy\r"},{"words\r":"canela\r"},{"words\r":"cannon\r"},{"words\r":"cannonda\r"},{"words\r":"canon\r"},{"words\r":"cantor\r"},{"words\r":"capsalera\r"},{"words\r":"captain\r"},{"words\r":"captcha\r"},{"words\r":"car\r"},{"words\r":"card\r"},{"words\r":"cardinal\r"},{"words\r":"cards\r"},{"words\r":"career\r"},{"words\r":"careers\r"},{"words\r":"caren\r"},{"words\r":"carga\r"},{"words\r":"cargar\r"},{"words\r":"carl\r"},{"words\r":"carla\r"},{"words\r":"carlos\r"},{"words\r":"carmen\r"},{"words\r":"carofthemonth\r"},{"words\r":"carol\r"},{"words\r":"carole\r"},{"words\r":"carolina\r"},{"words\r":"caroline\r"},{"words\r":"carpet\r"},{"words\r":"carpeta\r"},{"words\r":"carrie\r"},{"words\r":"cars\r"},{"words\r":"carson\r"},{"words\r":"cart\r"},{"words\r":"carta\r"},{"words\r":"cas\r"},{"words\r":"cascade\r"},{"words\r":"cascades\r"},{"words\r":"cases\r"},{"words\r":"casestudies\r"},{"words\r":"casey\r"},{"words\r":"casper\r"},{"words\r":"cassie\r"},{"words\r":"castle\r"},{"words\r":"cat\r"},{"words\r":"catala\r"},{"words\r":"cataleg\r"},{"words\r":"catalegs\r"},{"words\r":"catalog\r"},{"words\r":"catalogo\r"},{"words\r":"catalogos\r"},{"words\r":"catalogs\r"},{"words\r":"catch\r"},{"words\r":"categories\r"},{"words\r":"category\r"},{"words\r":"catfish\r"},{"words\r":"catherine\r"},{"words\r":"cathy\r"},{"words\r":"cats\r"},{"words\r":"cayuga\r"},{"words\r":"cc\r"},{"words\r":"cccccc\r"},{"words\r":"ccs\r"},{"words\r":"cd\r"},{"words\r":"cdrom\r"},{"words\r":"cecily\r"},{"words\r":"cedic\r"},{"words\r":"celica\r"},{"words\r":"celine\r"},{"words\r":"celler\r"},{"words\r":"celtics\r"},{"words\r":"center\r"},{"words\r":"centro\r"},{"words\r":"centros\r"},{"words\r":"cerca\r"},{"words\r":"cercador\r"},{"words\r":"cert\r"},{"words\r":"certenroll\r"},{"words\r":"certificate\r"},{"words\r":"certificates\r"},{"words\r":"certification\r"},{"words\r":"certs\r"},{"words\r":"cerulean\r"},{"words\r":"cesar\r"},{"words\r":"cfdocs\r"},{"words\r":"cfg\r"},{"words\r":"cfi\r"},{"words\r":"cfj\r"},{"words\r":"cgi\r"},{"words\r":"cgi-bin\r"},{"words\r":"cgi-bin/\r"},{"words\r":"cgi-exe\r"},{"words\r":"cgi-home\r"},{"words\r":"cgi-local\r"},{"words\r":"cgi-perl\r"},{"words\r":"cgi-sys\r"},{"words\r":"cgi-win\r"},{"words\r":"cgibin\r"},{"words\r":"cgis\r"},{"words\r":"cgj\r"},{"words\r":"ch\r"},{"words\r":"challeng\r"},{"words\r":"champion\r"},{"words\r":"chan\r"},{"words\r":"chance\r"},{"words\r":"chanel\r"},{"words\r":"change\r"},{"words\r":"changelog\r"},{"words\r":"changeme\r"},{"words\r":"changepw\r"},{"words\r":"changes\r"},{"words\r":"channel\r"},{"words\r":"chaos\r"},{"words\r":"chapman\r"},{"words\r":"charity\r"},{"words\r":"charles\r"},{"words\r":"charlie\r"},{"words\r":"charlie1\r"},{"words\r":"charlott\r"},{"words\r":"charming\r"},{"words\r":"charon\r"},{"words\r":"chart\r"},{"words\r":"chat\r"},{"words\r":"check\r"},{"words\r":"cheese\r"},{"words\r":"chelsea\r"},{"words\r":"chem\r"},{"words\r":"chemistry\r"},{"words\r":"cherry\r"},{"words\r":"cheryl\r"},{"words\r":"chess\r"},{"words\r":"chester\r"},{"words\r":"chester1\r"},{"words\r":"chevy\r"},{"words\r":"chicago\r"},{"words\r":"chicken\r"},{"words\r":"chico\r"},{"words\r":"china\r"},{"words\r":"chip\r"},{"words\r":"chiquita\r"},{"words\r":"chloe\r"},{"words\r":"chocolat\r"},{"words\r":"chris\r"},{"words\r":"chris1\r"},{"words\r":"christia\r"},{"words\r":"christin\r"},{"words\r":"christina\r"},{"words\r":"christine\r"},{"words\r":"christop\r"},{"words\r":"christy\r"},{"words\r":"chuck\r"},{"words\r":"church\r"},{"words\r":"cifrado\r"},{"words\r":"cigar\r"},{"words\r":"cinder\r"},{"words\r":"cindy\r"},{"words\r":"cisco\r"},{"words\r":"claire\r"},{"words\r":"clancy\r"},{"words\r":"clark\r"},{"words\r":"class\r"},{"words\r":"classes\r"},{"words\r":"classic\r"},{"words\r":"classified\r"},{"words\r":"classifieds\r"},{"words\r":"classroo\r"},{"words\r":"claude\r"},{"words\r":"claudia\r"},{"words\r":"claus\r"},{"words\r":"clave\r"},{"words\r":"claves\r"},{"words\r":"clear\r"},{"words\r":"clearpixel\r"},{"words\r":"click\r"},{"words\r":"client\r"},{"words\r":"cliente\r"},{"words\r":"clientes\r"},{"words\r":"clients\r"},{"words\r":"clipper\r"},{"words\r":"cloclo\r"},{"words\r":"cluster\r"},{"words\r":"clusters\r"},{"words\r":"cm\r"},{"words\r":"cmd\r"},{"words\r":"cms\r"},{"words\r":"cn\r"},{"words\r":"cnt\r"},{"words\r":"cobra\r"},{"words\r":"cocacola\r"},{"words\r":"coco\r"},{"words\r":"code\r"},{"words\r":"codepages\r"},{"words\r":"codigo\r"},{"words\r":"coffee\r"},{"words\r":"coger\r"},{"words\r":"coke\r"},{"words\r":"coleccion\r"},{"words\r":"colecciones\r"},{"words\r":"collapse\r"},{"words\r":"colleccio\r"},{"words\r":"colleen\r"},{"words\r":"college\r"},{"words\r":"collins\r"},{"words\r":"colorado\r"},{"words\r":"coltrane\r"},{"words\r":"columbia\r"},{"words\r":"columnists\r"},{"words\r":"columns\r"},{"words\r":"com\r"},{"words\r":"com1\r"},{"words\r":"com2\r"},{"words\r":"com3\r"},{"words\r":"com4\r"},{"words\r":"comics\r"},{"words\r":"command\r"},{"words\r":"comment\r"},{"words\r":"commentary\r"},{"words\r":"comments\r"},{"words\r":"commerce\r"},{"words\r":"commercial\r"},{"words\r":"common\r"},{"words\r":"commrades\r"},{"words\r":"communications\r"},{"words\r":"community\r"},{"words\r":"comp\r"},{"words\r":"companies\r"},{"words\r":"company\r"},{"words\r":"compaq\r"},{"words\r":"compare\r"},{"words\r":"compat\r"},{"words\r":"compliance\r"},{"words\r":"component\r"},{"words\r":"componentes\r"},{"words\r":"components\r"},{"words\r":"compose\r"},{"words\r":"composer\r"},{"words\r":"compra\r"},{"words\r":"compras\r"},{"words\r":"compressed\r"},{"words\r":"compton\r"},{"words\r":"computer\r"},{"words\r":"computers\r"},{"words\r":"computing\r"},{"words\r":"comrade\r"},{"words\r":"comrades\r"},{"words\r":"comun\r"},{"words\r":"comunes\r"},{"words\r":"comunicacio\r"},{"words\r":"comunicacion\r"},{"words\r":"comunicaciones\r"},{"words\r":"comunicator\r"},{"words\r":"con\r"},{"words\r":"concept\r"},{"words\r":"condo\r"},{"words\r":"condom\r"},{"words\r":"conecta\r"},{"words\r":"conf\r"},{"words\r":"conference\r"},{"words\r":"conferences\r"},{"words\r":"config\r"},{"words\r":"configs\r"},{"words\r":"configuracion\r"},{"words\r":"configuration\r"},{"words\r":"configure\r"},{"words\r":"confirmacio\r"},{"words\r":"connect\r"},{"words\r":"connections\r"},{"words\r":"connie\r"},{"words\r":"conrad\r"},{"words\r":"console\r"},{"words\r":"constant\r"},{"words\r":"constants\r"},{"words\r":"consulting\r"},{"words\r":"consumer\r"},{"words\r":"contact\r"},{"words\r":"contact-us\r"},{"words\r":"contactUs\r"},{"words\r":"contact_us\r"},{"words\r":"contactinfo\r"},{"words\r":"contacts\r"},{"words\r":"contactus\r"},{"words\r":"contenedor\r"},{"words\r":"contenido\r"},{"words\r":"contenidos\r"},{"words\r":"content\r"},{"words\r":"contents\r"},{"words\r":"contest\r"},{"words\r":"contests\r"},{"words\r":"contingut\r"},{"words\r":"continguts\r"},{"words\r":"contrib\r"},{"words\r":"contribute\r"},{"words\r":"control\r"},{"words\r":"controller\r"},{"words\r":"controlpanel\r"},{"words\r":"controls\r"},{"words\r":"cookie\r"},{"words\r":"cookies\r"},{"words\r":"cool\r"},{"words\r":"cooper\r"},{"words\r":"copia\r"},{"words\r":"copper\r"},{"words\r":"copyright\r"},{"words\r":"corba\r"},{"words\r":"core\r"},{"words\r":"cornelius\r"},{"words\r":"corona\r"},{"words\r":"corp\r"},{"words\r":"corporate\r"},{"words\r":"corrado\r"},{"words\r":"corrections\r"},{"words\r":"correo\r"},{"words\r":"correu\r"},{"words\r":"corwin\r"},{"words\r":"cosmos\r"},{"words\r":"cougar\r"},{"words\r":"cougars\r"},{"words\r":"count\r"},{"words\r":"counter\r"},{"words\r":"country\r"},{"words\r":"courses\r"},{"words\r":"courtney\r"},{"words\r":"couscous\r"},{"words\r":"cover\r"},{"words\r":"covers\r"},{"words\r":"cowboy\r"},{"words\r":"cowboys\r"},{"words\r":"coyote\r"},{"words\r":"cp\r"},{"words\r":"cpanel\r"},{"words\r":"crack\r"},{"words\r":"cracker\r"},{"words\r":"craig\r"},{"words\r":"crapp\r"},{"words\r":"crawford\r"},{"words\r":"create\r"},{"words\r":"creation\r"},{"words\r":"creative\r"},{"words\r":"credit\r"},{"words\r":"creditcards\r"},{"words\r":"credits\r"},{"words\r":"creosote\r"},{"words\r":"cretin\r"},{"words\r":"cricket\r"},{"words\r":"crida\r"},{"words\r":"crime\r"},{"words\r":"criminal\r"},{"words\r":"cristina\r"},{"words\r":"cron\r"},{"words\r":"crow\r"},{"words\r":"crs\r"},{"words\r":"cruise\r"},{"words\r":"crypto\r"},{"words\r":"crystal\r"},{"words\r":"cs\r"},{"words\r":"cshrc\r"},{"words\r":"css\r"},{"words\r":"ct\r"},{"words\r":"cuddles\r"},{"words\r":"cuenta\r"},{"words\r":"cuentas\r"},{"words\r":"culture\r"},{"words\r":"current\r"},{"words\r":"curtis\r"},{"words\r":"custom\r"},{"words\r":"customer\r"},{"words\r":"customers\r"},{"words\r":"cutie\r"},{"words\r":"cv\r"},{"words\r":"cvs\r"},{"words\r":"cyclone\r"},{"words\r":"cynthia\r"},{"words\r":"cyrano\r"},{"words\r":"d\r"},{"words\r":"daddy\r"},{"words\r":"dades\r"},{"words\r":"daemon\r"},{"words\r":"daily\r"},{"words\r":"daisy\r"},{"words\r":"dakota\r"},{"words\r":"dallas\r"},{"words\r":"dan\r"},{"words\r":"dana\r"},{"words\r":"dance\r"},{"words\r":"dancer\r"},{"words\r":"daniel\r"},{"words\r":"danielle\r"},{"words\r":"danny\r"},{"words\r":"dapper\r"},{"words\r":"darren\r"},{"words\r":"darwin\r"},{"words\r":"dasha\r"},{"words\r":"dat\r"},{"words\r":"data\r"},{"words\r":"database\r"},{"words\r":"databases\r"},{"words\r":"dataz\r"},{"words\r":"date\r"},{"words\r":"dating\r"},{"words\r":"dato\r"},{"words\r":"datos\r"},{"words\r":"dav\r"},{"words\r":"dave\r"},{"words\r":"david\r"},{"words\r":"david1\r"},{"words\r":"dawn\r"},{"words\r":"daytek\r"},{"words\r":"db\r"},{"words\r":"dba\r"},{"words\r":"dbase\r"},{"words\r":"dbg\r"},{"words\r":"dbi\r"},{"words\r":"dbm\r"},{"words\r":"dbms\r"},{"words\r":"dc\r"},{"words\r":"de\r"},{"words\r":"de_DE\r"},{"words\r":"dead\r"},{"words\r":"deadhead\r"},{"words\r":"dean\r"},{"words\r":"deb\r"},{"words\r":"debbie\r"},{"words\r":"debian\r"},{"words\r":"deborah\r"},{"words\r":"debug\r"},{"words\r":"dec\r"},{"words\r":"december\r"},{"words\r":"deedee\r"},{"words\r":"default\r"},{"words\r":"defaults\r"},{"words\r":"defoe\r"},{"words\r":"dejar\r"},{"words\r":"delete\r"},{"words\r":"deletion\r"},{"words\r":"delicious\r"},{"words\r":"deliver\r"},{"words\r":"delta\r"},{"words\r":"deluge\r"},{"words\r":"demamar\r"},{"words\r":"demanas\r"},{"words\r":"demanda\r"},{"words\r":"demo\r"},{"words\r":"demos\r"},{"words\r":"denali\r"},{"words\r":"denise\r"},{"words\r":"dennis\r"},{"words\r":"deny\r"},{"words\r":"depeche\r"},{"words\r":"deploy\r"},{"words\r":"deployment\r"},{"words\r":"derecha\r"},{"words\r":"derek\r"},{"words\r":"desarrollo\r"},{"words\r":"descarga\r"},{"words\r":"descarrega\r"},{"words\r":"descarregues\r"},{"words\r":"desenvolupament\r"},{"words\r":"design\r"},{"words\r":"desiree\r"},{"words\r":"desktop\r"},{"words\r":"desktops\r"},{"words\r":"desperate\r"},{"words\r":"detail\r"},{"words\r":"details\r"},{"words\r":"detroit\r"},{"words\r":"deutsch\r"},{"words\r":"dev\r"},{"words\r":"dev60cgi\r"},{"words\r":"devel\r"},{"words\r":"develop\r"},{"words\r":"developement\r"},{"words\r":"developer\r"},{"words\r":"developers\r"},{"words\r":"development\r"},{"words\r":"device\r"},{"words\r":"devices\r"},{"words\r":"devs\r"},{"words\r":"devtools\r"},{"words\r":"dexter\r"},{"words\r":"dgj\r"},{"words\r":"diablo\r"},{"words\r":"diag\r"},{"words\r":"dial\r"},{"words\r":"diamond\r"},{"words\r":"diana\r"},{"words\r":"diane\r"},{"words\r":"diary\r"},{"words\r":"dickhead\r"},{"words\r":"diet\r"},{"words\r":"dieter\r"},{"words\r":"dig\r"},{"words\r":"digg\r"},{"words\r":"digital\r"},{"words\r":"digital1\r"},{"words\r":"dilbert\r"},{"words\r":"dir\r"},{"words\r":"direct1\r"},{"words\r":"directions\r"},{"words\r":"director\r"},{"words\r":"directori\r"},{"words\r":"directories\r"},{"words\r":"directorio\r"},{"words\r":"directory\r"},{"words\r":"dirk\r"},{"words\r":"disc\r"},{"words\r":"disclaimer\r"},{"words\r":"disclosure\r"},{"words\r":"discovery\r"},{"words\r":"discuss\r"},{"words\r":"discussion\r"},{"words\r":"diseno\r"},{"words\r":"disk\r"},{"words\r":"disney\r"},{"words\r":"dispatch\r"},{"words\r":"dispatcher\r"},{"words\r":"display\r"},{"words\r":"disseny\r"},{"words\r":"divider\r"},{"words\r":"dixie\r"},{"words\r":"dl\r"},{"words\r":"dms\r"},{"words\r":"dns\r"},{"words\r":"do\r"},{"words\r":"doc\r"},{"words\r":"docs\r"},{"words\r":"docs41\r"},{"words\r":"docs51\r"},{"words\r":"doctor\r"},{"words\r":"document\r"},{"words\r":"documentacio\r"},{"words\r":"documentacion\r"},{"words\r":"documentation\r"},{"words\r":"documento\r"},{"words\r":"documentos\r"},{"words\r":"documents\r"},{"words\r":"dodger\r"},{"words\r":"dodgers\r"},{"words\r":"dog\r"},{"words\r":"dogbert\r"},{"words\r":"dollars\r"},{"words\r":"dolphin\r"},{"words\r":"dolphins\r"},{"words\r":"dominic\r"},{"words\r":"domino\r"},{"words\r":"don\r"},{"words\r":"donald\r"},{"words\r":"donate\r"},{"words\r":"donations\r"},{"words\r":"donkey\r"},{"words\r":"donna\r"},{"words\r":"doogie\r"},{"words\r":"dookie\r"},{"words\r":"doom\r"},{"words\r":"doom2\r"},{"words\r":"dorothy\r"},{"words\r":"dos\r"},{"words\r":"dot\r"},{"words\r":"doug\r"},{"words\r":"dougie\r"},{"words\r":"douglas\r"},{"words\r":"down\r"},{"words\r":"download\r"},{"words\r":"downloads\r"},{"words\r":"draft\r"},{"words\r":"dragon\r"},{"words\r":"dragon1\r"},{"words\r":"dragonfl\r"},{"words\r":"dratfs\r"},{"words\r":"dreamer\r"},{"words\r":"dreams\r"},{"words\r":"driver\r"},{"words\r":"drivers\r"},{"words\r":"drought\r"},{"words\r":"ds\r"},{"words\r":"duck\r"},{"words\r":"duckie\r"},{"words\r":"dude\r"},{"words\r":"duke\r"},{"words\r":"dulce\r"},{"words\r":"dump\r"},{"words\r":"dumpenv\r"},{"words\r":"duncan\r"},{"words\r":"dundee\r"},{"words\r":"dusty\r"},{"words\r":"dvd\r"},{"words\r":"dylan\r"},{"words\r":"e\r"},{"words\r":"e-mail\r"},{"words\r":"eager\r"},{"words\r":"eagle\r"},{"words\r":"eagle1\r"},{"words\r":"eagles\r"},{"words\r":"earth\r"},{"words\r":"easier\r"},{"words\r":"easter\r"},{"words\r":"easy\r"},{"words\r":"eatme\r"},{"words\r":"ebay\r"},{"words\r":"ebriefs\r"},{"words\r":"echannel\r"},{"words\r":"eclipse\r"},{"words\r":"ecommerce\r"},{"words\r":"eddie\r"},{"words\r":"edges\r"},{"words\r":"edgy\r"},{"words\r":"edinburgh\r"},{"words\r":"edit\r"},{"words\r":"editor\r"},{"words\r":"editorial\r"},{"words\r":"editorials\r"},{"words\r":"education\r"},{"words\r":"edward\r"},{"words\r":"edwin\r"},{"words\r":"edwina\r"},{"words\r":"eeyore\r"},{"words\r":"egghead\r"},{"words\r":"eiderdown\r"},{"words\r":"eileen\r"},{"words\r":"eines\r"},{"words\r":"einstein\r"},{"words\r":"ejemplo\r"},{"words\r":"ejemplos\r"},{"words\r":"elaine\r"},{"words\r":"elanor\r"},{"words\r":"electric\r"},{"words\r":"electronics\r"},{"words\r":"element\r"},{"words\r":"elements\r"},{"words\r":"elephant\r"},{"words\r":"elizabet\r"},{"words\r":"elizabeth\r"},{"words\r":"ellen\r"},{"words\r":"elliot\r"},{"words\r":"elsie\r"},{"words\r":"elvis\r"},{"words\r":"email\r"},{"words\r":"emerald\r"},{"words\r":"emily\r"},{"words\r":"emmanuel\r"},{"words\r":"emoticons\r"},{"words\r":"employees\r"},{"words\r":"employment\r"},{"words\r":"empresa\r"},{"words\r":"empresas\r"},{"words\r":"empreses\r"},{"words\r":"empty\r"},{"words\r":"en\r"},{"words\r":"en_US\r"},{"words\r":"encryption\r"},{"words\r":"enemy\r"},{"words\r":"energy\r"},{"words\r":"eng\r"},{"words\r":"engine\r"},{"words\r":"engineer\r"},{"words\r":"engines\r"},{"words\r":"english\r"},{"words\r":"enigma\r"},{"words\r":"enllacos\r"},{"words\r":"enter\r"},{"words\r":"enterprise\r"},{"words\r":"entertainment\r"},{"words\r":"entidades\r"},{"words\r":"entitats\r"},{"words\r":"entorno\r"},{"words\r":"entornos\r"},{"words\r":"entorns\r"},{"words\r":"entrada\r"},{"words\r":"entregar\r"},{"words\r":"entregas\r"},{"words\r":"entropy\r"},{"words\r":"entry\r"},{"words\r":"env\r"},{"words\r":"envia\r"},{"words\r":"environ\r"},{"words\r":"environment\r"},{"words\r":"enzyme\r"},{"words\r":"eprojects\r"},{"words\r":"erenity\r"},{"words\r":"eric\r"},{"words\r":"erica\r"},{"words\r":"erika\r"},{"words\r":"erin\r"},{"words\r":"errata\r"},{"words\r":"erreala\r"},{"words\r":"error\r"},{"words\r":"errors\r"},{"words\r":"ersatz\r"},{"words\r":"es\r"},{"words\r":"es_ES\r"},{"words\r":"esales\r"},{"words\r":"esborrar\r"},{"words\r":"escola\r"},{"words\r":"escuela\r"},{"words\r":"esp\r"},{"words\r":"espanol\r"},{"words\r":"establish\r"},{"words\r":"established\r"},{"words\r":"estate\r"},{"words\r":"esupport\r"},{"words\r":"etc\r"},{"words\r":"eternity\r"},{"words\r":"ethics\r"},{"words\r":"etoile\r"},{"words\r":"euclid\r"},{"words\r":"eugene\r"},{"words\r":"europe\r"},{"words\r":"evelyn\r"},{"words\r":"event\r"},{"words\r":"events\r"},{"words\r":"example\r"},{"words\r":"examples\r"},{"words\r":"excalibu\r"},{"words\r":"exchange\r"},{"words\r":"exe\r"},{"words\r":"exec\r"},{"words\r":"executable\r"},{"words\r":"executables\r"},{"words\r":"exiar\r"},{"words\r":"expert\r"},{"words\r":"experts\r"},{"words\r":"exploits\r"},{"words\r":"explorer\r"},{"words\r":"export\r"},{"words\r":"express\r"},{"words\r":"extension\r"},{"words\r":"external\r"},{"words\r":"externes\r"},{"words\r":"externos\r"},{"words\r":"extra\r"},{"words\r":"extranet\r"},{"words\r":"ez\r"},{"words\r":"f\r"},{"words\r":"facts\r"},{"words\r":"faculty\r"},{"words\r":"fail\r"},{"words\r":"failed\r"},{"words\r":"fairway\r"},{"words\r":"faith\r"},{"words\r":"falcon\r"},{"words\r":"family\r"},{"words\r":"faq\r"},{"words\r":"faqs\r"},{"words\r":"farmer\r"},{"words\r":"fashion\r"},{"words\r":"fcgi-bin\r"},{"words\r":"feature\r"},{"words\r":"featured\r"},{"words\r":"features\r"},{"words\r":"fedora\r"},{"words\r":"feed\r"},{"words\r":"feedback\r"},{"words\r":"feeds\r"},{"words\r":"felicia\r"},{"words\r":"felix\r"},{"words\r":"fender\r"},{"words\r":"fermat\r"},{"words\r":"ferrari\r"},{"words\r":"ferret\r"},{"words\r":"fgh\r"},{"words\r":"ficha\r"},{"words\r":"fichero\r"},{"words\r":"ficheros\r"},{"words\r":"fiction\r"},{"words\r":"fidelity\r"},{"words\r":"field\r"},{"words\r":"file\r"},{"words\r":"fileadmin\r"},{"words\r":"filelist\r"},{"words\r":"files\r"},{"words\r":"film\r"},{"words\r":"filter\r"},{"words\r":"finance\r"},{"words\r":"financial\r"},{"words\r":"find\r"},{"words\r":"finestra\r"},{"words\r":"finite\r"},{"words\r":"fiona\r"},{"words\r":"fire\r"},{"words\r":"fireball\r"},{"words\r":"firebird\r"},{"words\r":"firefox\r"},{"words\r":"fireman\r"},{"words\r":"firewall\r"},{"words\r":"firewalls\r"},{"words\r":"first\r"},{"words\r":"fish\r"},{"words\r":"fish1\r"},{"words\r":"fisher\r"},{"words\r":"fishers\r"},{"words\r":"fishing\r"},{"words\r":"fitxategia\r"},{"words\r":"fitxer\r"},{"words\r":"fitxers\r"},{"words\r":"flags\r"},{"words\r":"flakes\r"},{"words\r":"flamingo\r"},{"words\r":"flash\r"},{"words\r":"fletch\r"},{"words\r":"fletcher\r"},{"words\r":"flex\r"},{"words\r":"flight\r"},{"words\r":"flip\r"},{"words\r":"flipper\r"},{"words\r":"float\r"},{"words\r":"florida\r"},{"words\r":"flower\r"},{"words\r":"flowers\r"},{"words\r":"floyd\r"},{"words\r":"fluffy\r"},{"words\r":"flyspray\r"},{"words\r":"foia\r"},{"words\r":"folder\r"},{"words\r":"folder_big\r"},{"words\r":"folder_lock\r"},{"words\r":"folder_new\r"},{"words\r":"font\r"},{"words\r":"fonts\r"},{"words\r":"foo\r"},{"words\r":"foobar\r"},{"words\r":"food\r"},{"words\r":"fool\r"},{"words\r":"foolproof\r"},{"words\r":"football\r"},{"words\r":"footer\r"},{"words\r":"footers\r"},{"words\r":"ford\r"},{"words\r":"foresight\r"},{"words\r":"forest\r"},{"words\r":"forget\r"},{"words\r":"forgot\r"},{"words\r":"forgotten\r"},{"words\r":"form\r"},{"words\r":"format\r"},{"words\r":"formhandler\r"},{"words\r":"forms\r"},{"words\r":"formsend\r"},{"words\r":"formupdate\r"},{"words\r":"foro\r"},{"words\r":"forsythe\r"},{"words\r":"fortune\r"},{"words\r":"forum\r"},{"words\r":"forum_old\r"},{"words\r":"forumdisplay\r"},{"words\r":"forums\r"},{"words\r":"forward\r"},{"words\r":"foto\r"},{"words\r":"fotos\r"},{"words\r":"fountain\r"},{"words\r":"fourier\r"},{"words\r":"fox\r"},{"words\r":"foxtrot\r"},{"words\r":"fozzie\r"},{"words\r":"fpdf\r"},{"words\r":"fr\r"},{"words\r":"fr_FR\r"},{"words\r":"frame\r"},{"words\r":"framework\r"},{"words\r":"france\r"},{"words\r":"francis\r"},{"words\r":"francois\r"},{"words\r":"frank\r"},{"words\r":"franklin\r"},{"words\r":"freak1\r"},{"words\r":"fred\r"},{"words\r":"freddy\r"},{"words\r":"frederic\r"},{"words\r":"free\r"},{"words\r":"freedom\r"},{"words\r":"freeware\r"},{"words\r":"french\r"},{"words\r":"french1\r"},{"words\r":"friday\r"},{"words\r":"friend\r"},{"words\r":"friends\r"},{"words\r":"frighten\r"},{"words\r":"frodo\r"},{"words\r":"frog\r"},{"words\r":"frog1\r"},{"words\r":"froggy\r"},{"words\r":"frogs\r"},{"words\r":"front\r"},{"words\r":"front242\r"},{"words\r":"frontpage\r"},{"words\r":"ftp\r"},{"words\r":"fucker\r"},{"words\r":"fuckme\r"},{"words\r":"fuckoff\r"},{"words\r":"fuckyou\r"},{"words\r":"fugazi\r"},{"words\r":"full\r"},{"words\r":"fun\r"},{"words\r":"function\r"},{"words\r":"functions\r"},{"words\r":"fungible\r"},{"words\r":"furl\r"},{"words\r":"future\r"},{"words\r":"g\r"},{"words\r":"gabriel\r"},{"words\r":"gabriell\r"},{"words\r":"gaby\r"},{"words\r":"gadgets\r"},{"words\r":"galaxy\r"},{"words\r":"galileo\r"},{"words\r":"galleries\r"},{"words\r":"gallery\r"},{"words\r":"gambit\r"},{"words\r":"game\r"},{"words\r":"games\r"},{"words\r":"gaming\r"},{"words\r":"gandalf\r"},{"words\r":"garden\r"},{"words\r":"gardner\r"},{"words\r":"garfield\r"},{"words\r":"garlic\r"},{"words\r":"garnet\r"},{"words\r":"gary\r"},{"words\r":"gasman\r"},{"words\r":"gate\r"},{"words\r":"gateway\r"},{"words\r":"gator\r"},{"words\r":"gatt\r"},{"words\r":"gauss\r"},{"words\r":"gb\r"},{"words\r":"gemini\r"},{"words\r":"general\r"},{"words\r":"generic\r"},{"words\r":"genesis\r"},{"words\r":"genius\r"},{"words\r":"gentoo\r"},{"words\r":"george\r"},{"words\r":"georgia\r"},{"words\r":"gerald\r"},{"words\r":"german\r"},{"words\r":"gertrude\r"},{"words\r":"gest\r"},{"words\r":"gestio\r"},{"words\r":"gestion\r"},{"words\r":"get\r"},{"words\r":"gfx\r"},{"words\r":"ghost\r"},{"words\r":"giants\r"},{"words\r":"gibson\r"},{"words\r":"gidak\r"},{"words\r":"gif\r"},{"words\r":"gifs\r"},{"words\r":"gifts\r"},{"words\r":"gilles\r"},{"words\r":"gina\r"},{"words\r":"ginger\r"},{"words\r":"gizmo\r"},{"words\r":"glacier\r"},{"words\r":"glenn\r"},{"words\r":"global\r"},{"words\r":"globalnav\r"},{"words\r":"globals\r"},{"words\r":"glossari\r"},{"words\r":"glossary\r"},{"words\r":"gnu\r"},{"words\r":"go\r"},{"words\r":"goat\r"},{"words\r":"goblue\r"},{"words\r":"gocougs\r"},{"words\r":"godzilla\r"},{"words\r":"gofish\r"},{"words\r":"goforit\r"},{"words\r":"gold\r"},{"words\r":"golden\r"},{"words\r":"golf\r"},{"words\r":"golfer\r"},{"words\r":"gone\r"},{"words\r":"goober\r"},{"words\r":"goofy\r"},{"words\r":"google\r"},{"words\r":"gopher\r"},{"words\r":"gora\r"},{"words\r":"gordon\r"},{"words\r":"gorgeous\r"},{"words\r":"gorges\r"},{"words\r":"gosling\r"},{"words\r":"gouge\r"},{"words\r":"government\r"},{"words\r":"gp\r"},{"words\r":"gpapp\r"},{"words\r":"gps\r"},{"words\r":"gr\r"},{"words\r":"grace\r"},{"words\r":"graham\r"},{"words\r":"grahm\r"},{"words\r":"grandma\r"},{"words\r":"grant\r"},{"words\r":"granted\r"},{"words\r":"graphic\r"},{"words\r":"graphics\r"},{"words\r":"grateful\r"},{"words\r":"gray\r"},{"words\r":"graymail\r"},{"words\r":"grcom_foot\r"},{"words\r":"green\r"},{"words\r":"greenday\r"},{"words\r":"greg\r"},{"words\r":"gregory\r"},{"words\r":"gretchen\r"},{"words\r":"gretzky\r"},{"words\r":"groovy\r"},{"words\r":"group\r"},{"words\r":"groupcp\r"},{"words\r":"groups\r"},{"words\r":"grover\r"},{"words\r":"grumpy\r"},{"words\r":"gryphon\r"},{"words\r":"gs\r"},{"words\r":"guardar\r"},{"words\r":"gucci\r"},{"words\r":"guess\r"},{"words\r":"guest\r"},{"words\r":"guestbook\r"},{"words\r":"guests\r"},{"words\r":"guide\r"},{"words\r":"guidelines\r"},{"words\r":"guides\r"},{"words\r":"guido\r"},{"words\r":"guinness\r"},{"words\r":"guitar\r"},{"words\r":"gumption\r"},{"words\r":"gunner\r"},{"words\r":"guntis\r"},{"words\r":"h\r"},{"words\r":"h2opolo\r"},{"words\r":"hack\r"},{"words\r":"hacker\r"},{"words\r":"hacking\r"},{"words\r":"hal\r"},{"words\r":"hal9000\r"},{"words\r":"hamlet\r"},{"words\r":"hammer\r"},{"words\r":"handily\r"},{"words\r":"handler\r"},{"words\r":"hanlder\r"},{"words\r":"hanna\r"},{"words\r":"hannah\r"},{"words\r":"hansolo\r"},{"words\r":"hanson\r"},{"words\r":"happening\r"},{"words\r":"happy\r"},{"words\r":"happy1\r"},{"words\r":"happyday\r"},{"words\r":"hardcore\r"},{"words\r":"hardware\r"},{"words\r":"harley\r"},{"words\r":"harmony\r"},{"words\r":"harold\r"},{"words\r":"harrison\r"},{"words\r":"harry\r"},{"words\r":"harvey\r"},{"words\r":"hasi\r"},{"words\r":"hawaii\r"},{"words\r":"hawk\r"},{"words\r":"hazel\r"},{"words\r":"head\r"},{"words\r":"header\r"},{"words\r":"header_logo\r"},{"words\r":"headers\r"},{"words\r":"headlines\r"},{"words\r":"health\r"},{"words\r":"healthcare\r"},{"words\r":"heart\r"},{"words\r":"heather\r"},{"words\r":"hebrides\r"},{"words\r":"hector\r"},{"words\r":"heidi\r"},{"words\r":"heinlein\r"},{"words\r":"helen\r"},{"words\r":"hell\r"},{"words\r":"hello\r"},{"words\r":"hello1\r"},{"words\r":"helloworld\r"},{"words\r":"help\r"},{"words\r":"helpme\r"},{"words\r":"hendrix\r"},{"words\r":"henry\r"},{"words\r":"herbert\r"},{"words\r":"herman\r"},{"words\r":"hermes\r"},{"words\r":"herramientas\r"},{"words\r":"hiawatha\r"},{"words\r":"hibernia\r"},{"words\r":"hidden\r"},{"words\r":"hide\r"},{"words\r":"historic\r"},{"words\r":"history\r"},{"words\r":"hitcount\r"},{"words\r":"hits\r"},{"words\r":"hockey\r"},{"words\r":"hola\r"},{"words\r":"holiday\r"},{"words\r":"holidays\r"},{"words\r":"holly\r"},{"words\r":"home\r"},{"words\r":"homebrew\r"},{"words\r":"homepage\r"},{"words\r":"homer\r"},{"words\r":"homes\r"},{"words\r":"homework\r"},{"words\r":"honda\r"},{"words\r":"honda1\r"},{"words\r":"honey\r"},{"words\r":"hoops\r"},{"words\r":"hootie\r"},{"words\r":"horizon\r"},{"words\r":"hornet\r"},{"words\r":"horse\r"},{"words\r":"horses\r"},{"words\r":"horus\r"},{"words\r":"host\r"},{"words\r":"hosting\r"},{"words\r":"hosts\r"},{"words\r":"hotdog\r"},{"words\r":"hotels\r"},{"words\r":"house\r"},{"words\r":"houston\r"},{"words\r":"how\r"},{"words\r":"howard\r"},{"words\r":"howto\r"},{"words\r":"hp\r"},{"words\r":"hr\r"},{"words\r":"htbin\r"},{"words\r":"htdocs\r"},{"words\r":"htm\r"},{"words\r":"html\r"},{"words\r":"htmls\r"},{"words\r":"hu\r"},{"words\r":"humor\r"},{"words\r":"hunter\r"},{"words\r":"hutchins\r"},{"words\r":"hydrogen\r"},{"words\r":"i\r"},{"words\r":"ib6ub9\r"},{"words\r":"ibm\r"},{"words\r":"icecream\r"},{"words\r":"iceman\r"},{"words\r":"ico\r"},{"words\r":"icon\r"},{"words\r":"icons\r"},{"words\r":"icq\r"},{"words\r":"id\r"},{"words\r":"idbc\r"},{"words\r":"identity\r"},{"words\r":"idiot\r"},{"words\r":"ie\r"},{"words\r":"iguana\r"},{"words\r":"iis\r"},{"words\r":"iisadmin\r"},{"words\r":"iisadmpwd\r"},{"words\r":"iissamples\r"},{"words\r":"ikusi\r"},{"words\r":"iloveyou\r"},{"words\r":"im\r"},{"words\r":"image\r"},{"words\r":"imagen\r"},{"words\r":"imagenes\r"},{"words\r":"images\r"},{"words\r":"images01\r"},{"words\r":"imagine\r"},{"words\r":"imatge\r"},{"words\r":"imatges\r"},{"words\r":"imbroglio\r"},{"words\r":"img\r"},{"words\r":"imgs\r"},{"words\r":"impala\r"},{"words\r":"imperial\r"},{"words\r":"import\r"},{"words\r":"impressum\r"},{"words\r":"in\r"},{"words\r":"inbox\r"},{"words\r":"inc\r"},{"words\r":"include\r"},{"words\r":"includes\r"},{"words\r":"incoming\r"},{"words\r":"incs\r"},{"words\r":"index\r"},{"words\r":"index1\r"},{"words\r":"index2\r"},{"words\r":"index3\r"},{"words\r":"index_01\r"},{"words\r":"index_adm\r"},{"words\r":"index_admin\r"},{"words\r":"indexes\r"},{"words\r":"indian\r"},{"words\r":"indiana\r"},{"words\r":"indice\r"},{"words\r":"indigo\r"},{"words\r":"industries\r"},{"words\r":"industry\r"},{"words\r":"info\r"},{"words\r":"informacio\r"},{"words\r":"informacion\r"},{"words\r":"information\r"},{"words\r":"informix\r"},{"words\r":"ingres\r"},{"words\r":"ingresa\r"},{"words\r":"ingreso\r"},{"words\r":"ingress\r"},{"words\r":"ingrid\r"},{"words\r":"ini\r"},{"words\r":"inicio\r"},{"words\r":"init\r"},{"words\r":"injection\r"},{"words\r":"inna\r"},{"words\r":"innocuous\r"},{"words\r":"innoweb\r"},{"words\r":"input\r"},{"words\r":"insane\r"},{"words\r":"inside\r"},{"words\r":"instalacion\r"},{"words\r":"install\r"},{"words\r":"installation\r"},{"words\r":"insurance\r"},{"words\r":"intel\r"},{"words\r":"interactive\r"},{"words\r":"interface\r"},{"words\r":"intern\r"},{"words\r":"internal\r"},{"words\r":"international\r"},{"words\r":"internet\r"},{"words\r":"interview\r"},{"words\r":"interviews\r"},{"words\r":"intl\r"},{"words\r":"intranet\r"},{"words\r":"intro\r"},{"words\r":"introduction\r"},{"words\r":"inventory\r"},{"words\r":"investigado\r"},{"words\r":"investors\r"},{"words\r":"invitado\r"},{"words\r":"invitados\r"},{"words\r":"invitation\r"},{"words\r":"invite\r"},{"words\r":"ip\r"},{"words\r":"ipod\r"},{"words\r":"ipp\r"},{"words\r":"ips\r"},{"words\r":"iraq\r"},{"words\r":"irc\r"},{"words\r":"ireland\r"},{"words\r":"irene\r"},{"words\r":"irish\r"},{"words\r":"irishman\r"},{"words\r":"ironman\r"},{"words\r":"isaac\r"},{"words\r":"isabelle\r"},{"words\r":"isis\r"},{"words\r":"island\r"},{"words\r":"issue\r"},{"words\r":"issues\r"},{"words\r":"it\r"},{"words\r":"it_IT\r"},{"words\r":"italia\r"},{"words\r":"italy\r"},{"words\r":"item\r"},{"words\r":"items\r"},{"words\r":"izquierda\r"},{"words\r":"j\r"},{"words\r":"ja\r"},{"words\r":"ja_JP\r"},{"words\r":"jack\r"},{"words\r":"jackie\r"},{"words\r":"jackson\r"},{"words\r":"jacob\r"},{"words\r":"jaguar\r"},{"words\r":"jake\r"},{"words\r":"jamaica\r"},{"words\r":"james\r"},{"words\r":"james1\r"},{"words\r":"jan\r"},{"words\r":"jane\r"},{"words\r":"janet\r"},{"words\r":"janice\r"},{"words\r":"janie\r"},{"words\r":"japan\r"},{"words\r":"jared\r"},{"words\r":"jasmin\r"},{"words\r":"jasmine\r"},{"words\r":"jason\r"},{"words\r":"jason1\r"},{"words\r":"jasper\r"},{"words\r":"java\r"},{"words\r":"java-sys\r"},{"words\r":"javascript\r"},{"words\r":"jazz\r"},{"words\r":"jdbc\r"},{"words\r":"jean\r"},{"words\r":"jeanette\r"},{"words\r":"jeanne\r"},{"words\r":"jeff\r"},{"words\r":"jeffrey\r"},{"words\r":"jen\r"},{"words\r":"jenifer\r"},{"words\r":"jenni\r"},{"words\r":"jennifer\r"},{"words\r":"jenny\r"},{"words\r":"jenny1\r"},{"words\r":"jensen\r"},{"words\r":"jeremy\r"},{"words\r":"jerry\r"},{"words\r":"jessica\r"},{"words\r":"jessie\r"},{"words\r":"jester\r"},{"words\r":"jesus\r"},{"words\r":"jesus1\r"},{"words\r":"jewels\r"},{"words\r":"jill\r"},{"words\r":"jim\r"},{"words\r":"jimbo\r"},{"words\r":"jixian\r"},{"words\r":"jkm\r"},{"words\r":"joanna\r"},{"words\r":"joanne\r"},{"words\r":"job\r"},{"words\r":"jobs\r"},{"words\r":"jocs\r"},{"words\r":"jody\r"},{"words\r":"joe\r"},{"words\r":"joel\r"},{"words\r":"joey\r"},{"words\r":"john\r"},{"words\r":"john316\r"},{"words\r":"johnny\r"},{"words\r":"johnson\r"},{"words\r":"join\r"},{"words\r":"jojo\r"},{"words\r":"joker\r"},{"words\r":"jonathan\r"},{"words\r":"jordan\r"},{"words\r":"jordan23\r"},{"words\r":"joseph\r"},{"words\r":"josh\r"},{"words\r":"joshua\r"},{"words\r":"josie\r"},{"words\r":"journal\r"},{"words\r":"journals\r"},{"words\r":"joy\r"},{"words\r":"joyce\r"},{"words\r":"jp\r"},{"words\r":"jrun\r"},{"words\r":"js\r"},{"words\r":"jsFiles\r"},{"words\r":"jsp\r"},{"words\r":"jsp-examples\r"},{"words\r":"jsp2\r"},{"words\r":"jsps\r"},{"words\r":"jsr\r"},{"words\r":"judith\r"},{"words\r":"judy\r"},{"words\r":"juego\r"},{"words\r":"juegos\r"},{"words\r":"juggle\r"},{"words\r":"julia\r"},{"words\r":"julian\r"},{"words\r":"julie\r"},{"words\r":"julie1\r"},{"words\r":"jump\r"},{"words\r":"june\r"},{"words\r":"junior\r"},{"words\r":"jupiter\r"},{"words\r":"justice\r"},{"words\r":"justin\r"},{"words\r":"justin1\r"},{"words\r":"k\r"},{"words\r":"karen\r"},{"words\r":"karie\r"},{"words\r":"karina\r"},{"words\r":"kate\r"},{"words\r":"katherin\r"},{"words\r":"kathleen\r"},{"words\r":"kathrine\r"},{"words\r":"kathy\r"},{"words\r":"katie\r"},{"words\r":"katina\r"},{"words\r":"katrina\r"},{"words\r":"kb\r"},{"words\r":"keep\r"},{"words\r":"keith\r"},{"words\r":"kelly\r"},{"words\r":"kelly1\r"},{"words\r":"kelsey\r"},{"words\r":"kennedy\r"},{"words\r":"kenneth\r"},{"words\r":"kept\r"},{"words\r":"keri\r"},{"words\r":"kermit\r"},{"words\r":"kernel\r"},{"words\r":"kerri\r"},{"words\r":"kerrie\r"},{"words\r":"kerry\r"},{"words\r":"kevin\r"},{"words\r":"kevin1\r"},{"words\r":"key\r"},{"words\r":"keygen\r"},{"words\r":"khan\r"},{"words\r":"kids\r"},{"words\r":"killer\r"},{"words\r":"kim\r"},{"words\r":"kimberly\r"},{"words\r":"king\r"},{"words\r":"kingdom\r"},{"words\r":"kingfish\r"},{"words\r":"kirkland\r"},{"words\r":"kitten\r"},{"words\r":"kitten12\r"},{"words\r":"kitty\r"},{"words\r":"kleenex\r"},{"words\r":"knicks\r"},{"words\r":"knight\r"},{"words\r":"ko\r"},{"words\r":"ko_KR\r"},{"words\r":"koala\r"},{"words\r":"koko\r"},{"words\r":"kontakt\r"},{"words\r":"kramer\r"},{"words\r":"krista\r"},{"words\r":"kristen\r"},{"words\r":"kristi\r"},{"words\r":"kristie\r"},{"words\r":"kristin\r"},{"words\r":"kristine\r"},{"words\r":"kristy\r"},{"words\r":"l\r"},{"words\r":"lab\r"},{"words\r":"labs\r"},{"words\r":"lacrosse\r"},{"words\r":"laddie\r"},{"words\r":"ladle\r"},{"words\r":"lady\r"},{"words\r":"ladybug\r"},{"words\r":"lakers\r"},{"words\r":"lala\r"},{"words\r":"lambda\r"},{"words\r":"lamer\r"},{"words\r":"lamination\r"},{"words\r":"lana\r"},{"words\r":"landing\r"},{"words\r":"landwind\r"},{"words\r":"lang\r"},{"words\r":"language\r"},{"words\r":"languages\r"},{"words\r":"laptops\r"},{"words\r":"lara\r"},{"words\r":"larkin\r"},{"words\r":"larry\r"},{"words\r":"larry1\r"},{"words\r":"laser\r"},{"words\r":"lastpost\r"},{"words\r":"latest\r"},{"words\r":"launch\r"},{"words\r":"launchpage\r"},{"words\r":"laura\r"},{"words\r":"lauren\r"},{"words\r":"laurie\r"},{"words\r":"law\r"},{"words\r":"layout\r"},{"words\r":"layouts\r"},{"words\r":"lazarus\r"},{"words\r":"ldap\r"},{"words\r":"leah\r"},{"words\r":"learn\r"},{"words\r":"lebesgue\r"},{"words\r":"ledzep\r"},{"words\r":"lee\r"},{"words\r":"leer\r"},{"words\r":"left\r"},{"words\r":"legal\r"},{"words\r":"legend\r"},{"words\r":"legislation\r"},{"words\r":"leland\r"},{"words\r":"leon\r"},{"words\r":"leonard\r"},{"words\r":"leroy\r"},{"words\r":"leslie\r"},{"words\r":"lestat\r"},{"words\r":"letmein\r"},{"words\r":"letras\r"},{"words\r":"letters\r"},{"words\r":"level\r"},{"words\r":"lewis\r"},{"words\r":"lg\r"},{"words\r":"lib\r"},{"words\r":"libraries\r"},{"words\r":"library\r"},{"words\r":"libros\r"},{"words\r":"libs\r"},{"words\r":"licence\r"},{"words\r":"license\r"},{"words\r":"licensing\r"},{"words\r":"life\r"},{"words\r":"lifestyle\r"},{"words\r":"light\r"},{"words\r":"lincoln\r"},{"words\r":"linda\r"},{"words\r":"lindsay\r"},{"words\r":"lindsey\r"},{"words\r":"line\r"},{"words\r":"link\r"},{"words\r":"links\r"},{"words\r":"linktous\r"},{"words\r":"linux\r"},{"words\r":"lionking\r"},{"words\r":"lisa\r"},{"words\r":"lisence\r"},{"words\r":"lisense\r"},{"words\r":"lisp\r"},{"words\r":"list\r"},{"words\r":"listar\r"},{"words\r":"listinfo\r"},{"words\r":"lists\r"},{"words\r":"live\r"},{"words\r":"liverpoo\r"},{"words\r":"liz\r"},{"words\r":"lizard\r"},{"words\r":"ljf\r"},{"words\r":"llamada\r"},{"words\r":"llamadas\r"},{"words\r":"llave\r"},{"words\r":"llaves\r"},{"words\r":"lletres\r"},{"words\r":"lleure\r"},{"words\r":"llibres\r"},{"words\r":"lloyd\r"},{"words\r":"load\r"},{"words\r":"loader\r"},{"words\r":"loading\r"},{"words\r":"local\r"},{"words\r":"localitzador\r"},{"words\r":"localizador\r"},{"words\r":"locals\r"},{"words\r":"location\r"},{"words\r":"locations\r"},{"words\r":"lock\r"},{"words\r":"lockout\r"},{"words\r":"log\r"},{"words\r":"logan\r"},{"words\r":"logfile\r"},{"words\r":"logfiles\r"},{"words\r":"logger\r"},{"words\r":"logging\r"},{"words\r":"logical\r"},{"words\r":"login\r"},{"words\r":"logo\r"},{"words\r":"logon\r"},{"words\r":"logos\r"},{"words\r":"logout\r"},{"words\r":"logs\r"},{"words\r":"lois\r"},{"words\r":"lolo\r"},{"words\r":"london\r"},{"words\r":"looney\r"},{"words\r":"lori\r"},{"words\r":"lorin\r"},{"words\r":"lorraine\r"},{"words\r":"loser\r"},{"words\r":"lost%2Bfound\r"},{"words\r":"lost+found\r"},{"words\r":"louis\r"},{"words\r":"louise\r"},{"words\r":"love\r"},{"words\r":"lovely\r"},{"words\r":"loveme\r"},{"words\r":"loveyou\r"},{"words\r":"lpt1\r"},{"words\r":"lpt2\r"},{"words\r":"ls\r"},{"words\r":"lucas\r"},{"words\r":"lucky\r"},{"words\r":"lucky1\r"},{"words\r":"lucy\r"},{"words\r":"lulu\r"},{"words\r":"lynn\r"},{"words\r":"lynne\r"},{"words\r":"m\r"},{"words\r":"m1\r"},{"words\r":"mac\r"},{"words\r":"macha\r"},{"words\r":"macintos\r"},{"words\r":"macintosh\r"},{"words\r":"mack\r"},{"words\r":"maddog\r"},{"words\r":"madison\r"},{"words\r":"magazine\r"},{"words\r":"magazines\r"},{"words\r":"maggie\r"},{"words\r":"maggot\r"},{"words\r":"magic\r"},{"words\r":"magnum\r"},{"words\r":"mail\r"},{"words\r":"mailbox\r"},{"words\r":"mailer\r"},{"words\r":"mailinglist\r"},{"words\r":"maillist\r"},{"words\r":"mailman\r"},{"words\r":"main\r"},{"words\r":"maint\r"},{"words\r":"major\r"},{"words\r":"majordom\r"},{"words\r":"makefile\r"},{"words\r":"makusi\r"},{"words\r":"malcolm\r"},{"words\r":"malcom\r"},{"words\r":"man\r"},{"words\r":"manage\r"},{"words\r":"management\r"},{"words\r":"manager\r"},{"words\r":"mantra\r"},{"words\r":"manual\r"},{"words\r":"map\r"},{"words\r":"mapa\r"},{"words\r":"maps\r"},{"words\r":"maquinari\r"},{"words\r":"mara\r"},{"words\r":"marc\r"},{"words\r":"marcel\r"},{"words\r":"marci\r"},{"words\r":"marcus\r"},{"words\r":"marcy\r"},{"words\r":"margaret\r"},{"words\r":"maria\r"},{"words\r":"mariah\r"},{"words\r":"marie\r"},{"words\r":"marietta\r"},{"words\r":"marilyn\r"},{"words\r":"marina\r"},{"words\r":"marine\r"},{"words\r":"mario\r"},{"words\r":"mariposa\r"},{"words\r":"mark\r"},{"words\r":"market\r"},{"words\r":"marketing\r"},{"words\r":"marketplace\r"},{"words\r":"markets\r"},{"words\r":"markus\r"},{"words\r":"marlboro\r"},{"words\r":"marley\r"},{"words\r":"marni\r"},{"words\r":"mars\r"},{"words\r":"martin\r"},{"words\r":"martin1\r"},{"words\r":"marty\r"},{"words\r":"marvin\r"},{"words\r":"mary\r"},{"words\r":"maryjane\r"},{"words\r":"master\r"},{"words\r":"master1\r"},{"words\r":"masthead\r"},{"words\r":"math\r"},{"words\r":"matrix\r"},{"words\r":"matt\r"},{"words\r":"matthew\r"},{"words\r":"maurice\r"},{"words\r":"maverick\r"},{"words\r":"max\r"},{"words\r":"maxime\r"},{"words\r":"maxwell\r"},{"words\r":"mayday\r"},{"words\r":"mazda1\r"},{"words\r":"mb\r"},{"words\r":"mbo\r"},{"words\r":"mdb\r"},{"words\r":"me\r"},{"words\r":"meagan\r"},{"words\r":"media\r"},{"words\r":"mediakit\r"},{"words\r":"mediawiki\r"},{"words\r":"medical\r"},{"words\r":"medios\r"},{"words\r":"meetings\r"},{"words\r":"megan\r"},{"words\r":"melanie\r"},{"words\r":"melissa\r"},{"words\r":"mellon\r"},{"words\r":"member\r"},{"words\r":"memberlist\r"},{"words\r":"members\r"},{"words\r":"membership\r"},{"words\r":"memory\r"},{"words\r":"memphis\r"},{"words\r":"menu\r"},{"words\r":"meow\r"},{"words\r":"mercedes\r"},{"words\r":"mercury\r"},{"words\r":"merlin\r"},{"words\r":"message\r"},{"words\r":"messages\r"},{"words\r":"messaging\r"},{"words\r":"meta\r"},{"words\r":"metabase\r"},{"words\r":"metal\r"},{"words\r":"metallic\r"},{"words\r":"mets\r"},{"words\r":"mexico\r"},{"words\r":"mezuak\r"},{"words\r":"mgr\r"},{"words\r":"michael\r"},{"words\r":"michel\r"},{"words\r":"michele\r"},{"words\r":"michelle\r"},{"words\r":"mickey\r"},{"words\r":"micro\r"},{"words\r":"microsoft\r"},{"words\r":"midnight\r"},{"words\r":"midori\r"},{"words\r":"mikael\r"},{"words\r":"mike\r"},{"words\r":"mike1\r"},{"words\r":"mikey\r"},{"words\r":"miki\r"},{"words\r":"miles\r"},{"words\r":"military\r"},{"words\r":"miller\r"},{"words\r":"millie\r"},{"words\r":"million\r"},{"words\r":"mimi\r"},{"words\r":"mindy\r"},{"words\r":"mine\r"},{"words\r":"mini\r"},{"words\r":"minimum\r"},{"words\r":"minnie\r"},{"words\r":"minou\r"},{"words\r":"minsky\r"},{"words\r":"mirage\r"},{"words\r":"miranda\r"},{"words\r":"mirror\r"},{"words\r":"mirrors\r"},{"words\r":"misc\r"},{"words\r":"miscellaneous\r"},{"words\r":"misha\r"},{"words\r":"mishka\r"},{"words\r":"mission\r"},{"words\r":"missy\r"},{"words\r":"misty\r"},{"words\r":"mit\r"},{"words\r":"mitch\r"},{"words\r":"mitchell\r"},{"words\r":"mitjans\r"},{"words\r":"mkstats\r"},{"words\r":"mobile\r"},{"words\r":"model\r"},{"words\r":"modem\r"},{"words\r":"mods\r"},{"words\r":"module\r"},{"words\r":"modules\r"},{"words\r":"mogul\r"},{"words\r":"moguls\r"},{"words\r":"molly\r"},{"words\r":"molly1\r"},{"words\r":"molson\r"},{"words\r":"mom\r"},{"words\r":"monday\r"},{"words\r":"monet\r"},{"words\r":"money\r"},{"words\r":"money1\r"},{"words\r":"monica\r"},{"words\r":"monique\r"},{"words\r":"monitor\r"},{"words\r":"monkey\r"},{"words\r":"monopoly\r"},{"words\r":"montana\r"},{"words\r":"montreal\r"},{"words\r":"moocow\r"},{"words\r":"mookie\r"},{"words\r":"moomoo\r"},{"words\r":"moon\r"},{"words\r":"moose\r"},{"words\r":"more\r"},{"words\r":"morgan\r"},{"words\r":"morley\r"},{"words\r":"moroni\r"},{"words\r":"morris\r"},{"words\r":"mortimer\r"},{"words\r":"mostra\r"},{"words\r":"mostrar\r"},{"words\r":"mostres\r"},{"words\r":"mot\r"},{"words\r":"mother\r"},{"words\r":"moto-news\r"},{"words\r":"moto1\r"},{"words\r":"mount\r"},{"words\r":"mountain\r"},{"words\r":"mouse\r"},{"words\r":"mouse1\r"},{"words\r":"movie\r"},{"words\r":"movies\r"},{"words\r":"movimientos\r"},{"words\r":"mozart\r"},{"words\r":"mozilla\r"},{"words\r":"mp3\r"},{"words\r":"mp3s\r"},{"words\r":"mqseries\r"},{"words\r":"mrtg\r"},{"words\r":"ms\r"},{"words\r":"ms-sql\r"},{"words\r":"msadc\r"},{"words\r":"msn\r"},{"words\r":"msql\r"},{"words\r":"mssql\r"},{"words\r":"mt\r"},{"words\r":"muestra\r"},{"words\r":"muestras\r"},{"words\r":"muffin\r"},{"words\r":"multimedia\r"},{"words\r":"murphy\r"},{"words\r":"music\r"},{"words\r":"mustang\r"},{"words\r":"mutant\r"},{"words\r":"my\r"},{"words\r":"my-sql\r"},{"words\r":"myaccount\r"},{"words\r":"myspace\r"},{"words\r":"mysql\r"},{"words\r":"n\r"},{"words\r":"nada\r"},{"words\r":"nagel\r"},{"words\r":"names\r"},{"words\r":"nancy\r"},{"words\r":"naomi\r"},{"words\r":"napoleon\r"},{"words\r":"nasa\r"},{"words\r":"nascar\r"},{"words\r":"nat\r"},{"words\r":"natasha\r"},{"words\r":"nathan\r"},{"words\r":"national\r"},{"words\r":"nautica\r"},{"words\r":"nav\r"},{"words\r":"navigation\r"},{"words\r":"ncc1701\r"},{"words\r":"ncc1701d\r"},{"words\r":"ncc1701e\r"},{"words\r":"ne\r"},{"words\r":"ne1469\r"},{"words\r":"nebraska\r"},{"words\r":"nellie\r"},{"words\r":"nelson\r"},{"words\r":"nemesis\r"},{"words\r":"nepenthe\r"},{"words\r":"neptune\r"},{"words\r":"nesbitt\r"},{"words\r":"ness\r"},{"words\r":"net\r"},{"words\r":"netscape\r"},{"words\r":"netstat\r"},{"words\r":"netware\r"},{"words\r":"network\r"},{"words\r":"networking\r"},{"words\r":"new\r"},{"words\r":"newcourt\r"},{"words\r":"newpass\r"},{"words\r":"news\r"},{"words\r":"newsletter\r"},{"words\r":"newsletters\r"},{"words\r":"newsroom\r"},{"words\r":"newton\r"},{"words\r":"newuser\r"},{"words\r":"newyork\r"},{"words\r":"next\r"},{"words\r":"nguyen\r"},{"words\r":"nicarao\r"},{"words\r":"nicholas\r"},{"words\r":"nick\r"},{"words\r":"nicole\r"},{"words\r":"nieuws\r"},{"words\r":"niki\r"},{"words\r":"nikita\r"},{"words\r":"nimrod\r"},{"words\r":"niners\r"},{"words\r":"nirvana\r"},{"words\r":"nirvana1\r"},{"words\r":"nissan\r"},{"words\r":"nita\r"},{"words\r":"nite\r"},{"words\r":"nl\r"},{"words\r":"no\r"},{"words\r":"nobody\r"},{"words\r":"node\r"},{"words\r":"nokia\r"},{"words\r":"none\r"},{"words\r":"noreen\r"},{"words\r":"norman\r"},{"words\r":"notes\r"},{"words\r":"nothing\r"},{"words\r":"noticia\r"},{"words\r":"noticias\r"},{"words\r":"noticies\r"},{"words\r":"notused\r"},{"words\r":"nou\r"},{"words\r":"novell\r"},{"words\r":"novetats\r"},{"words\r":"noxious\r"},{"words\r":"nss\r"},{"words\r":"nuclear\r"},{"words\r":"nucleo\r"},{"words\r":"nuevo\r"},{"words\r":"nugget\r"},{"words\r":"nul\r"},{"words\r":"null\r"},{"words\r":"nulo\r"},{"words\r":"number\r"},{"words\r":"number9\r"},{"words\r":"nurse\r"},{"words\r":"nutrition\r"},{"words\r":"nyquist\r"},{"words\r":"o\r"},{"words\r":"oatmeal\r"},{"words\r":"obiwan\r"},{"words\r":"object\r"},{"words\r":"objects\r"},{"words\r":"obrir\r"},{"words\r":"oceanography\r"},{"words\r":"ocelot\r"},{"words\r":"october\r"},{"words\r":"oculto\r"},{"words\r":"odbc\r"},{"words\r":"of\r"},{"words\r":"off\r"},{"words\r":"offerdetail\r"},{"words\r":"offers\r"},{"words\r":"office\r"},{"words\r":"ogl\r"},{"words\r":"old\r"},{"words\r":"oldie\r"},{"words\r":"olive\r"},{"words\r":"oliver\r"},{"words\r":"olivetti\r"},{"words\r":"olivia\r"},{"words\r":"olivier\r"},{"words\r":"olvidado\r"},{"words\r":"on\r"},{"words\r":"one\r"},{"words\r":"online\r"},{"words\r":"open\r"},{"words\r":"openapp\r"},{"words\r":"openbsd\r"},{"words\r":"openfile\r"},{"words\r":"opensource\r"},{"words\r":"operacio\r"},{"words\r":"operator\r"},{"words\r":"opinion\r"},{"words\r":"opinions\r"},{"words\r":"opml\r"},{"words\r":"options\r"},{"words\r":"opus\r"},{"words\r":"oracl\r"},{"words\r":"oracle\r"},{"words\r":"oradata\r"},{"words\r":"orange\r"},{"words\r":"oranges\r"},{"words\r":"orca\r"},{"words\r":"orchid\r"},{"words\r":"order\r"},{"words\r":"orders\r"},{"words\r":"org\r"},{"words\r":"organitzacions\r"},{"words\r":"organizacion\r"},{"words\r":"organizaciones\r"},{"words\r":"original\r"},{"words\r":"orion\r"},{"words\r":"orwell\r"},{"words\r":"os\r"},{"words\r":"oscar\r"},{"words\r":"osiris\r"},{"words\r":"other\r"},{"words\r":"others\r"},{"words\r":"ou812\r"},{"words\r":"out\r"},{"words\r":"outgoing\r"},{"words\r":"outlaw\r"},{"words\r":"output\r"},{"words\r":"overview\r"},{"words\r":"oxford\r"},{"words\r":"p\r"},{"words\r":"pacers\r"},{"words\r":"pacific\r"},{"words\r":"packages\r"},{"words\r":"packaging\r"},{"words\r":"packard\r"},{"words\r":"packer\r"},{"words\r":"packers\r"},{"words\r":"pad\r"},{"words\r":"page\r"},{"words\r":"page2\r"},{"words\r":"pages\r"},{"words\r":"pagina\r"},{"words\r":"paginas\r"},{"words\r":"pagines\r"},{"words\r":"painless\r"},{"words\r":"painter\r"},{"words\r":"pakistan\r"},{"words\r":"palabra\r"},{"words\r":"pam\r"},{"words\r":"pamela\r"},{"words\r":"panda\r"},{"words\r":"pandora\r"},{"words\r":"panel\r"},{"words\r":"pantera\r"},{"words\r":"panther\r"},{"words\r":"papa\r"},{"words\r":"paper\r"},{"words\r":"papers\r"},{"words\r":"paris\r"},{"words\r":"parker\r"},{"words\r":"parrot\r"},{"words\r":"partner\r"},{"words\r":"partners\r"},{"words\r":"pas\r"},{"words\r":"pascal\r"},{"words\r":"paso\r"},{"words\r":"pass\r"},{"words\r":"passes\r"},{"words\r":"passion\r"},{"words\r":"passw\r"},{"words\r":"passwd\r"},{"words\r":"passwor\r"},{"words\r":"password\r"},{"words\r":"passwords\r"},{"words\r":"pat\r"},{"words\r":"patches\r"},{"words\r":"patents\r"},{"words\r":"path\r"},{"words\r":"patricia\r"},{"words\r":"patrick\r"},{"words\r":"patty\r"},{"words\r":"paul\r"},{"words\r":"paula\r"},{"words\r":"payments\r"},{"words\r":"paypal\r"},{"words\r":"pc\r"},{"words\r":"pda\r"},{"words\r":"pdf\r"},{"words\r":"pdfs\r"},{"words\r":"peace\r"},{"words\r":"peaches\r"},{"words\r":"peanut\r"},{"words\r":"pearl\r"},{"words\r":"pearljam\r"},{"words\r":"pedro\r"},{"words\r":"peewee\r"},{"words\r":"peggy\r"},{"words\r":"pencil\r"},{"words\r":"penelope\r"},{"words\r":"penguin\r"},{"words\r":"penis\r"},{"words\r":"penny\r"},{"words\r":"pentium\r"},{"words\r":"people\r"},{"words\r":"peoria\r"},{"words\r":"pepper\r"},{"words\r":"pepsi\r"},{"words\r":"percolate\r"},{"words\r":"percy\r"},{"words\r":"perfil\r"},{"words\r":"perl\r"},{"words\r":"perl5\r"},{"words\r":"perry\r"},{"words\r":"persimmon\r"},{"words\r":"persona\r"},{"words\r":"personal\r"},{"words\r":"personales\r"},{"words\r":"personals\r"},{"words\r":"pestana\r"},{"words\r":"pestanya\r"},{"words\r":"pestanyes\r"},{"words\r":"pete\r"},{"words\r":"peter\r"},{"words\r":"petey\r"},{"words\r":"petunia\r"},{"words\r":"peu\r"},{"words\r":"pgp\r"},{"words\r":"pgsql\r"},{"words\r":"phantom\r"},{"words\r":"phil\r"},{"words\r":"philip\r"},{"words\r":"phish\r"},{"words\r":"phishing\r"},{"words\r":"phoenix\r"},{"words\r":"phoenix1\r"},{"words\r":"phone\r"},{"words\r":"phones\r"},{"words\r":"photo\r"},{"words\r":"photogallery\r"},{"words\r":"photography\r"},{"words\r":"photos\r"},{"words\r":"php\r"},{"words\r":"phpBB2\r"},{"words\r":"phpMyAdmin\r"},{"words\r":"phpmyadmin\r"},{"words\r":"phppgadmin\r"},{"words\r":"piano\r"},{"words\r":"pic\r"},{"words\r":"picasso\r"},{"words\r":"pickle\r"},{"words\r":"pics\r"},{"words\r":"picture\r"},{"words\r":"pictures\r"},{"words\r":"pierce\r"},{"words\r":"pierre\r"},{"words\r":"piglet\r"},{"words\r":"ping\r"},{"words\r":"pinkfloy\r"},{"words\r":"pipermail\r"},{"words\r":"pirate\r"},{"words\r":"pisces\r"},{"words\r":"pix\r"},{"words\r":"pixel\r"},{"words\r":"pizza\r"},{"words\r":"pl\r"},{"words\r":"plane\r"},{"words\r":"planet\r"},{"words\r":"plano\r"},{"words\r":"plato\r"},{"words\r":"play\r"},{"words\r":"playboy\r"},{"words\r":"player\r"},{"words\r":"players\r"},{"words\r":"please\r"},{"words\r":"plover\r"},{"words\r":"pls\r"},{"words\r":"plugins\r"},{"words\r":"plus\r"},{"words\r":"pluto\r"},{"words\r":"plx\r"},{"words\r":"plymouth\r"},{"words\r":"pmc\r"},{"words\r":"podcast\r"},{"words\r":"podcasting\r"},{"words\r":"podcasts\r"},{"words\r":"poiuyt\r"},{"words\r":"poker\r"},{"words\r":"pol\r"},{"words\r":"police\r"},{"words\r":"policies\r"},{"words\r":"policy\r"},{"words\r":"politics\r"},{"words\r":"poll\r"},{"words\r":"polls\r"},{"words\r":"polly\r"},{"words\r":"polo\r"},{"words\r":"polynomial\r"},{"words\r":"pomme\r"},{"words\r":"pondering\r"},{"words\r":"poohbear\r"},{"words\r":"pookie\r"},{"words\r":"pookie1\r"},{"words\r":"pop\r"},{"words\r":"popcorn\r"},{"words\r":"popeye\r"},{"words\r":"popular\r"},{"words\r":"popup\r"},{"words\r":"pork\r"},{"words\r":"porsche\r"},{"words\r":"porsche9\r"},{"words\r":"porta\r"},{"words\r":"portada\r"},{"words\r":"portal\r"},{"words\r":"porter\r"},{"words\r":"portfolio\r"},{"words\r":"portland\r"},{"words\r":"portlet\r"},{"words\r":"portlets\r"},{"words\r":"ports\r"},{"words\r":"post\r"},{"words\r":"poster\r"},{"words\r":"postgres\r"},{"words\r":"posting\r"},{"words\r":"posts\r"},{"words\r":"power\r"},{"words\r":"pp\r"},{"words\r":"ppal\r"},{"words\r":"ppp\r"},{"words\r":"pr\r"},{"words\r":"praise\r"},{"words\r":"precious\r"},{"words\r":"preferences\r"},{"words\r":"prelude\r"},{"words\r":"premiere\r"},{"words\r":"premium\r"},{"words\r":"presentations\r"},{"words\r":"press\r"},{"words\r":"press_releases\r"},{"words\r":"presse\r"},{"words\r":"pressreleases\r"},{"words\r":"pressroom\r"},{"words\r":"presto\r"},{"words\r":"preston\r"},{"words\r":"preview\r"},{"words\r":"pricing\r"},{"words\r":"primer\r"},{"words\r":"primero\r"},{"words\r":"prince\r"},{"words\r":"princess\r"},{"words\r":"princeton\r"},{"words\r":"principal\r"},{"words\r":"print\r"},{"words\r":"printenv\r"},{"words\r":"printer\r"},{"words\r":"printers\r"},{"words\r":"priv\r"},{"words\r":"privacy\r"},{"words\r":"privacy-policy\r"},{"words\r":"privacy_policy\r"},{"words\r":"privacypolicy\r"},{"words\r":"privado\r"},{"words\r":"privat\r"},{"words\r":"private\r"},{"words\r":"privmsg\r"},{"words\r":"privs\r"},{"words\r":"prn\r"},{"words\r":"pro\r"},{"words\r":"probando\r"},{"words\r":"problems\r"},{"words\r":"procesos\r"},{"words\r":"process\r"},{"words\r":"processform\r"},{"words\r":"prod\r"},{"words\r":"producers\r"},{"words\r":"product\r"},{"words\r":"product_info\r"},{"words\r":"production\r"},{"words\r":"products\r"},{"words\r":"prof\r"},{"words\r":"professor\r"},{"words\r":"profile\r"},{"words\r":"profiles\r"},{"words\r":"program\r"},{"words\r":"programa\r"},{"words\r":"programador\r"},{"words\r":"programari\r"},{"words\r":"programas\r"},{"words\r":"programming\r"},{"words\r":"programs\r"},{"words\r":"project\r"},{"words\r":"projecte\r"},{"words\r":"projectes\r"},{"words\r":"projects\r"},{"words\r":"promethe\r"},{"words\r":"promo\r"},{"words\r":"promos\r"},{"words\r":"promotions\r"},{"words\r":"proof\r"},{"words\r":"properties\r"},{"words\r":"property\r"},{"words\r":"protect\r"},{"words\r":"protected\r"},{"words\r":"protel\r"},{"words\r":"protozoa\r"},{"words\r":"prova\r"},{"words\r":"prova1\r"},{"words\r":"prova2\r"},{"words\r":"provas\r"},{"words\r":"proveedores\r"},{"words\r":"proxy\r"},{"words\r":"proyecto\r"},{"words\r":"proyectos\r"},{"words\r":"prueba\r"},{"words\r":"prueba00\r"},{"words\r":"prueba01\r"},{"words\r":"prueba1\r"},{"words\r":"prueba2\r"},{"words\r":"pruebas\r"},{"words\r":"ps\r"},{"words\r":"psalms\r"},{"words\r":"psp\r"},{"words\r":"psycho\r"},{"words\r":"pt\r"},{"words\r":"pt_BR\r"},{"words\r":"pub\r"},{"words\r":"public\r"},{"words\r":"publica\r"},{"words\r":"publicacion\r"},{"words\r":"publicaciones\r"},{"words\r":"publicacions\r"},{"words\r":"publicar\r"},{"words\r":"publications\r"},{"words\r":"publico\r"},{"words\r":"publish\r"},{"words\r":"publisher\r"},{"words\r":"pubs\r"},{"words\r":"puerta\r"},{"words\r":"pujar\r"},{"words\r":"pumpkin\r"},{"words\r":"puneet\r"},{"words\r":"punkin\r"},{"words\r":"puppet\r"},{"words\r":"puppy\r"},{"words\r":"puppy123\r"},{"words\r":"purchase\r"},{"words\r":"purchases\r"},{"words\r":"purple\r"},{"words\r":"put\r"},{"words\r":"pw\r"},{"words\r":"pwd\r"},{"words\r":"pyramid\r"},{"words\r":"python\r"},{"words\r":"q\r"},{"words\r":"q1w2e3\r"},{"words\r":"quality\r"},{"words\r":"quebec\r"},{"words\r":"query\r"},{"words\r":"quest\r"},{"words\r":"question\r"},{"words\r":"questions\r"},{"words\r":"queue\r"},{"words\r":"quiz\r"},{"words\r":"quote\r"},{"words\r":"quotes\r"},{"words\r":"qwaszx\r"},{"words\r":"qwert\r"},{"words\r":"qwerty\r"},{"words\r":"qwerty12\r"},{"words\r":"r\r"},{"words\r":"rabbit\r"},{"words\r":"racerx\r"},{"words\r":"rachel\r"},{"words\r":"rachelle\r"},{"words\r":"rachmaninoff\r"},{"words\r":"racoon\r"},{"words\r":"radio\r"},{"words\r":"raiders\r"},{"words\r":"rain\r"},{"words\r":"rainbow\r"},{"words\r":"raindrop\r"},{"words\r":"raiz\r"},{"words\r":"raleigh\r"},{"words\r":"rambo1\r"},{"words\r":"ramon\r"},{"words\r":"random\r"},{"words\r":"randy\r"},{"words\r":"ranger\r"},{"words\r":"rank\r"},{"words\r":"raptor\r"},{"words\r":"raquel\r"},{"words\r":"rascal\r"},{"words\r":"rates\r"},{"words\r":"rating0\r"},{"words\r":"raven\r"},{"words\r":"raymond\r"},{"words\r":"rcs\r"},{"words\r":"read\r"},{"words\r":"readme\r"},{"words\r":"reagan\r"},{"words\r":"realestate\r"},{"words\r":"reality\r"},{"words\r":"really\r"},{"words\r":"rebecca\r"},{"words\r":"recent\r"},{"words\r":"recerca\r"},{"words\r":"recoger\r"},{"words\r":"recull\r"},{"words\r":"reculls\r"},{"words\r":"red\r"},{"words\r":"reddit\r"},{"words\r":"reddog\r"},{"words\r":"redir\r"},{"words\r":"redirect\r"},{"words\r":"redrum\r"},{"words\r":"redwing\r"},{"words\r":"ref\r"},{"words\r":"reference\r"},{"words\r":"references\r"},{"words\r":"reg\r"},{"words\r":"reginternal\r"},{"words\r":"regional\r"},{"words\r":"register\r"},{"words\r":"registered\r"},{"words\r":"registration\r"},{"words\r":"registre\r"},{"words\r":"registres\r"},{"words\r":"registro\r"},{"words\r":"registros\r"},{"words\r":"reklama\r"},{"words\r":"release\r"},{"words\r":"releases\r"},{"words\r":"religion\r"},{"words\r":"remember\r"},{"words\r":"remind\r"},{"words\r":"reminder\r"},{"words\r":"remote\r"},{"words\r":"remoto\r"},{"words\r":"removed\r"},{"words\r":"renee\r"},{"words\r":"repaso\r"},{"words\r":"reply\r"},{"words\r":"report\r"},{"words\r":"reporting\r"},{"words\r":"reports\r"},{"words\r":"reprints\r"},{"words\r":"republic\r"},{"words\r":"request\r"},{"words\r":"requisite\r"},{"words\r":"research\r"},{"words\r":"reseller\r"},{"words\r":"resellers\r"},{"words\r":"resource\r"},{"words\r":"resources\r"},{"words\r":"respaldo\r"},{"words\r":"responder\r"},{"words\r":"restricted\r"},{"words\r":"results\r"},{"words\r":"resume\r"},{"words\r":"retail\r"},{"words\r":"review\r"},{"words\r":"reviews\r"},{"words\r":"revista\r"},{"words\r":"reynolds\r"},{"words\r":"reznor\r"},{"words\r":"rfid\r"},{"words\r":"rhonda\r"},{"words\r":"richard\r"},{"words\r":"rick\r"},{"words\r":"ricky\r"},{"words\r":"right\r"},{"words\r":"rincon\r"},{"words\r":"ripple\r"},{"words\r":"risc\r"},{"words\r":"river\r"},{"words\r":"rje\r"},{"words\r":"roadmap\r"},{"words\r":"robbie\r"},{"words\r":"robert\r"},{"words\r":"robert1\r"},{"words\r":"robin\r"},{"words\r":"robinhoo\r"},{"words\r":"robot\r"},{"words\r":"robotech\r"},{"words\r":"robotics\r"},{"words\r":"robyn\r"},{"words\r":"rochelle\r"},{"words\r":"rochester\r"},{"words\r":"rock\r"},{"words\r":"rocket\r"},{"words\r":"rocky\r"},{"words\r":"rodent\r"},{"words\r":"roger\r"},{"words\r":"roles\r"},{"words\r":"rolex\r"},{"words\r":"roman\r"},{"words\r":"romano\r"},{"words\r":"ronald\r"},{"words\r":"root\r"},{"words\r":"rose\r"},{"words\r":"rosebud\r"},{"words\r":"rosemary\r"},{"words\r":"roses\r"},{"words\r":"rosie\r"},{"words\r":"route\r"},{"words\r":"router\r"},{"words\r":"roxy\r"},{"words\r":"roy\r"},{"words\r":"royal\r"},{"words\r":"rpc\r"},{"words\r":"rsa\r"},{"words\r":"rss\r"},{"words\r":"rss10\r"},{"words\r":"rss2\r"},{"words\r":"rss20\r"},{"words\r":"ru\r"},{"words\r":"ruben\r"},{"words\r":"ruby\r"},{"words\r":"rufus\r"},{"words\r":"rugby\r"},{"words\r":"rules\r"},{"words\r":"run\r"},{"words\r":"runner\r"},{"words\r":"running\r"},{"words\r":"russell\r"},{"words\r":"rusty\r"},{"words\r":"ruth\r"},{"words\r":"rux\r"},{"words\r":"ruy\r"},{"words\r":"ryan\r"},{"words\r":"s\r"},{"words\r":"s1\r"},{"words\r":"sabrina\r"},{"words\r":"sadie\r"},{"words\r":"safety\r"},{"words\r":"sailing\r"},{"words\r":"sailor\r"},{"words\r":"saioa\r"},{"words\r":"sal\r"},{"words\r":"sales\r"},{"words\r":"sally\r"},{"words\r":"salmon\r"},{"words\r":"salo\r"},{"words\r":"salon\r"},{"words\r":"salut\r"},{"words\r":"salvar\r"},{"words\r":"sam\r"},{"words\r":"samantha\r"},{"words\r":"sammy\r"},{"words\r":"sample\r"},{"words\r":"samples\r"},{"words\r":"sampson\r"},{"words\r":"samson\r"},{"words\r":"samuel\r"},{"words\r":"sandra\r"},{"words\r":"sandy\r"},{"words\r":"sanjose1\r"},{"words\r":"santa\r"},{"words\r":"sapphire\r"},{"words\r":"sara\r"},{"words\r":"sarah\r"},{"words\r":"sarah1\r"},{"words\r":"sasha\r"},{"words\r":"saskia\r"},{"words\r":"sassy\r"},{"words\r":"saturn\r"},{"words\r":"savage\r"},{"words\r":"save\r"},{"words\r":"saved\r"},{"words\r":"saxon\r"},{"words\r":"sbdc\r"},{"words\r":"sc\r"},{"words\r":"scamper\r"},{"words\r":"scarlet\r"},{"words\r":"scarlett\r"},{"words\r":"schedule\r"},{"words\r":"schema\r"},{"words\r":"scheme\r"},{"words\r":"school\r"},{"words\r":"schools\r"},{"words\r":"science\r"},{"words\r":"scooby\r"},{"words\r":"scooter\r"},{"words\r":"scooter1\r"},{"words\r":"scorpio\r"},{"words\r":"scorpion\r"},{"words\r":"scotch\r"},{"words\r":"scott\r"},{"words\r":"scotty\r"},{"words\r":"scout\r"},{"words\r":"scr\r"},{"words\r":"scratc\r"},{"words\r":"screen\r"},{"words\r":"screens\r"},{"words\r":"screenshot\r"},{"words\r":"screenshots\r"},{"words\r":"script\r"},{"words\r":"scripts\r"},{"words\r":"scruffy\r"},{"words\r":"scuba1\r"},{"words\r":"sdk\r"},{"words\r":"se\r"},{"words\r":"sean\r"},{"words\r":"search\r"},{"words\r":"seattle\r"},{"words\r":"seccio\r"},{"words\r":"seccion\r"},{"words\r":"\r"},{"words\r":"secret\r"},{"words\r":"secreto\r"},{"words\r":"secrets\r"},{"words\r":"section\r"},{"words\r":"sections\r"},{"words\r":"secure\r"},{"words\r":"secured\r"},{"words\r":"security\r"},{"words\r":"segon\r"},{"words\r":"segundo\r"},{"words\r":"seguretat\r"},{"words\r":"seguridad\r"},{"words\r":"select\r"},{"words\r":"sell\r"},{"words\r":"seminars\r"},{"words\r":"send\r"},{"words\r":"sendmail\r"},{"words\r":"sendmessage\r"},{"words\r":"sensepost\r"},{"words\r":"sensor\r"},{"words\r":"sent\r"},{"words\r":"septembe\r"},{"words\r":"serenity\r"},{"words\r":"sergei\r"},{"words\r":"serial\r"},{"words\r":"serveis\r"},{"words\r":"server\r"},{"words\r":"server_stats\r"},{"words\r":"servers\r"},{"words\r":"service\r"},{"words\r":"services\r"},{"words\r":"servicio\r"},{"words\r":"servicios\r"},{"words\r":"servidor\r"},{"words\r":"servlet\r"},{"words\r":"servlets\r"},{"words\r":"servlets-examples\r"},{"words\r":"sesame\r"},{"words\r":"session\r"},{"words\r":"sessions\r"},{"words\r":"set\r"},{"words\r":"setting\r"},{"words\r":"settings\r"},{"words\r":"setup\r"},{"words\r":"seven\r"},{"words\r":"seven7\r"},{"words\r":"sex\r"},{"words\r":"sexy\r"},{"words\r":"sf\r"},{"words\r":"shadow\r"},{"words\r":"shadow1\r"},{"words\r":"shalom\r"},{"words\r":"shannon\r"},{"words\r":"shanti\r"},{"words\r":"sharc\r"},{"words\r":"share\r"},{"words\r":"shared\r"},{"words\r":"shark\r"},{"words\r":"sharks\r"},{"words\r":"sharon\r"},{"words\r":"shawn\r"},{"words\r":"sheba\r"},{"words\r":"sheena\r"},{"words\r":"sheffield\r"},{"words\r":"sheila\r"},{"words\r":"shelby\r"},{"words\r":"sheldon\r"},{"words\r":"shell\r"},{"words\r":"shelley\r"},{"words\r":"shelly\r"},{"words\r":"sherri\r"},{"words\r":"sherry\r"},{"words\r":"shim\r"},{"words\r":"shirley\r"},{"words\r":"shit\r"},{"words\r":"shithead\r"},{"words\r":"shiva\r"},{"words\r":"shivers\r"},{"words\r":"shoes\r"},{"words\r":"shop\r"},{"words\r":"shopper\r"},{"words\r":"shopping\r"},{"words\r":"shorty\r"},{"words\r":"shotgun\r"},{"words\r":"show\r"},{"words\r":"showallsites\r"},{"words\r":"showcode\r"},{"words\r":"shows\r"},{"words\r":"showthread\r"},{"words\r":"shtml\r"},{"words\r":"shuttle\r"},{"words\r":"sierra\r"},{"words\r":"sign\r"},{"words\r":"signature\r"},{"words\r":"signin\r"},{"words\r":"signup\r"},{"words\r":"silver\r"},{"words\r":"simba\r"},{"words\r":"simon\r"},{"words\r":"simple\r"},{"words\r":"simpsons\r"},{"words\r":"singer\r"},{"words\r":"single\r"},{"words\r":"sistemas\r"},{"words\r":"sistemes\r"},{"words\r":"site\r"},{"words\r":"site-map\r"},{"words\r":"site_map\r"},{"words\r":"sitemap\r"},{"words\r":"sites\r"},{"words\r":"sitio\r"},{"words\r":"skeeter\r"},{"words\r":"skidoo\r"},{"words\r":"skiing\r"},{"words\r":"skins\r"},{"words\r":"skipper\r"},{"words\r":"skippy\r"},{"words\r":"slacker\r"},{"words\r":"slashdot\r"},{"words\r":"slayer\r"},{"words\r":"slideshow\r"},{"words\r":"small\r"},{"words\r":"smashing\r"},{"words\r":"smb\r"},{"words\r":"smile\r"},{"words\r":"smiles\r"},{"words\r":"smiley\r"},{"words\r":"smilies\r"},{"words\r":"smiths\r"},{"words\r":"smokey\r"},{"words\r":"smooch\r"},{"words\r":"smother\r"},{"words\r":"sms\r"},{"words\r":"snake\r"},{"words\r":"snapple\r"},{"words\r":"snatch\r"},{"words\r":"snickers\r"},{"words\r":"sniper\r"},{"words\r":"snoop\r"},{"words\r":"snoopdog\r"},{"words\r":"snoopy\r"},{"words\r":"snow\r"},{"words\r":"snowball\r"},{"words\r":"snowman\r"},{"words\r":"snp\r"},{"words\r":"snuffy\r"},{"words\r":"soap\r"},{"words\r":"soapdocs\r"},{"words\r":"soccer\r"},{"words\r":"soccer1\r"},{"words\r":"socrates\r"},{"words\r":"soft\r"},{"words\r":"softball\r"},{"words\r":"software\r"},{"words\r":"solaris\r"},{"words\r":"soleil\r"},{"words\r":"solutions\r"},{"words\r":"somebody\r"},{"words\r":"sondra\r"},{"words\r":"sonia\r"},{"words\r":"sonny\r"},{"words\r":"sony\r"},{"words\r":"sonya\r"},{"words\r":"sophie\r"},{"words\r":"sossina\r"},{"words\r":"source\r"},{"words\r":"sources\r"},{"words\r":"sp\r"},{"words\r":"space\r"},{"words\r":"spacer\r"},{"words\r":"spain\r"},{"words\r":"spam\r"},{"words\r":"spanish\r"},{"words\r":"spanky\r"},{"words\r":"sparky\r"},{"words\r":"sparrow\r"},{"words\r":"sparrows\r"},{"words\r":"speakers\r"},{"words\r":"special\r"},{"words\r":"special_offers\r"},{"words\r":"specials\r"},{"words\r":"specs\r"},{"words\r":"speedo\r"},{"words\r":"speedy\r"},{"words\r":"spencer\r"},{"words\r":"spider\r"},{"words\r":"spike\r"},{"words\r":"spit\r"},{"words\r":"spitfire\r"},{"words\r":"splash\r"},{"words\r":"sponsor\r"},{"words\r":"sponsors\r"},{"words\r":"spooky\r"},{"words\r":"sport\r"},{"words\r":"sports\r"},{"words\r":"spotlight\r"},{"words\r":"spring\r"},{"words\r":"springer\r"},{"words\r":"sprite\r"},{"words\r":"spunky\r"},{"words\r":"spyware\r"},{"words\r":"sql\r"},{"words\r":"sqladmin\r"},{"words\r":"squires\r"},{"words\r":"src\r"},{"words\r":"srchad\r"},{"words\r":"srv\r"},{"words\r":"ss\r"},{"words\r":"ssh\r"},{"words\r":"ssi\r"},{"words\r":"ssl\r"},{"words\r":"sso\r"},{"words\r":"ssssss\r"},{"words\r":"st\r"},{"words\r":"stacey\r"},{"words\r":"staci\r"},{"words\r":"stacie\r"},{"words\r":"stacy\r"},{"words\r":"staff\r"},{"words\r":"standard\r"},{"words\r":"standards\r"},{"words\r":"stanley\r"},{"words\r":"star\r"},{"words\r":"star69\r"},{"words\r":"stargate\r"},{"words\r":"start\r"},{"words\r":"startpage\r"},{"words\r":"startrek\r"},{"words\r":"starwars\r"},{"words\r":"stat\r"},{"words\r":"state\r"},{"words\r":"states\r"},{"words\r":"static\r"},{"words\r":"station\r"},{"words\r":"statistic\r"},{"words\r":"statistics\r"},{"words\r":"stats\r"},{"words\r":"status\r"},{"words\r":"statusicon\r"},{"words\r":"stealth\r"},{"words\r":"steele\r"},{"words\r":"steelers\r"},{"words\r":"stella\r"},{"words\r":"steph\r"},{"words\r":"stephani\r"},{"words\r":"stephanie\r"},{"words\r":"stephen\r"},{"words\r":"steve\r"},{"words\r":"steven\r"},{"words\r":"stever\r"},{"words\r":"stimpy\r"},{"words\r":"sting1\r"},{"words\r":"stingray\r"},{"words\r":"stinky\r"},{"words\r":"stop\r"},{"words\r":"storage\r"},{"words\r":"store\r"},{"words\r":"stores\r"},{"words\r":"stories\r"},{"words\r":"storm\r"},{"words\r":"stormy\r"},{"words\r":"story\r"},{"words\r":"strangle\r"},{"words\r":"strat\r"},{"words\r":"strategy\r"},{"words\r":"stratford\r"},{"words\r":"strawber\r"},{"words\r":"string\r"},{"words\r":"stuart\r"},{"words\r":"student\r"},{"words\r":"students\r"},{"words\r":"stuff\r"},{"words\r":"stupid\r"},{"words\r":"stuttgart\r"},{"words\r":"style\r"},{"words\r":"style_images\r"},{"words\r":"styles\r"},{"words\r":"stylesheet\r"},{"words\r":"stylesheets\r"},{"words\r":"sub\r"},{"words\r":"subSilver\r"},{"words\r":"subir\r"},{"words\r":"subject\r"},{"words\r":"submit\r"},{"words\r":"submitter\r"},{"words\r":"subscribe\r"},{"words\r":"subscription\r"},{"words\r":"subscriptions\r"},{"words\r":"subway\r"},{"words\r":"success\r"},{"words\r":"sugar\r"},{"words\r":"sumari\r"},{"words\r":"sumario\r"},{"words\r":"sumaris\r"},{"words\r":"summary\r"},{"words\r":"summer\r"},{"words\r":"sun\r"},{"words\r":"sunbird\r"},{"words\r":"sundance\r"},{"words\r":"sunday\r"},{"words\r":"sunflowe\r"},{"words\r":"sunny\r"},{"words\r":"sunny1\r"},{"words\r":"sunrise\r"},{"words\r":"sunset\r"},{"words\r":"sunshine\r"},{"words\r":"super\r"},{"words\r":"superman\r"},{"words\r":"superstage\r"},{"words\r":"superuser\r"},{"words\r":"support\r"},{"words\r":"supported\r"},{"words\r":"supra\r"},{"words\r":"surf\r"},{"words\r":"surfer\r"},{"words\r":"survey\r"},{"words\r":"susan\r"},{"words\r":"susanne\r"},{"words\r":"susie\r"},{"words\r":"suzanne\r"},{"words\r":"suzie\r"},{"words\r":"suzuki\r"},{"words\r":"svc\r"},{"words\r":"svn\r"},{"words\r":"svr\r"},{"words\r":"sw\r"},{"words\r":"swearer\r"},{"words\r":"sweetie\r"},{"words\r":"sweetpea\r"},{"words\r":"sweety\r"},{"words\r":"swimming\r"},{"words\r":"sybil\r"},{"words\r":"sydney\r"},{"words\r":"sylvia\r"},{"words\r":"sylvie\r"},{"words\r":"symbol\r"},{"words\r":"symmetry\r"},{"words\r":"syndication\r"},{"words\r":"sys\r"},{"words\r":"sysadmin\r"},{"words\r":"system\r"},{"words\r":"system_web\r"},{"words\r":"t\r"},{"words\r":"t-bone\r"},{"words\r":"t1\r"},{"words\r":"tabla\r"},{"words\r":"tablas\r"},{"words\r":"table\r"},{"words\r":"tabs\r"},{"words\r":"tacobell\r"},{"words\r":"taffy\r"},{"words\r":"tag\r"},{"words\r":"tagline\r"},{"words\r":"tags\r"},{"words\r":"talk\r"},{"words\r":"talks\r"},{"words\r":"tamara\r"},{"words\r":"tami\r"},{"words\r":"tamie\r"},{"words\r":"tammy\r"},{"words\r":"tangerine\r"},{"words\r":"tango\r"},{"words\r":"tanya\r"},{"words\r":"tape\r"},{"words\r":"tar\r"},{"words\r":"tara\r"},{"words\r":"target\r"},{"words\r":"tarjetas\r"},{"words\r":"tarragon\r"},{"words\r":"tarzan\r"},{"words\r":"tasha\r"},{"words\r":"task\r"},{"words\r":"tattoo\r"},{"words\r":"taula\r"},{"words\r":"tauler\r"},{"words\r":"taurus\r"},{"words\r":"taxonomy\r"},{"words\r":"taylor\r"},{"words\r":"teacher\r"},{"words\r":"team\r"},{"words\r":"tech\r"},{"words\r":"technical\r"},{"words\r":"techno\r"},{"words\r":"technology\r"},{"words\r":"technorati\r"},{"words\r":"tecnic\r"},{"words\r":"tecnico\r"},{"words\r":"tecnicos\r"},{"words\r":"teddy\r"},{"words\r":"teddy1\r"},{"words\r":"telecom\r"},{"words\r":"telephone\r"},{"words\r":"television\r"},{"words\r":"temas\r"},{"words\r":"temes\r"},{"words\r":"temp\r"},{"words\r":"template\r"},{"words\r":"templates\r"},{"words\r":"temporal\r"},{"words\r":"temps\r"},{"words\r":"temptation\r"},{"words\r":"tennis\r"},{"words\r":"tequila\r"},{"words\r":"tercer\r"},{"words\r":"teresa\r"},{"words\r":"term\r"},{"words\r":"terminal\r"},{"words\r":"terms\r"},{"words\r":"termsofuse\r"},{"words\r":"terrorism\r"},{"words\r":"terry\r"},{"words\r":"test\r"},{"words\r":"test00\r"},{"words\r":"test01\r"},{"words\r":"test1\r"},{"words\r":"test123\r"},{"words\r":"test2\r"},{"words\r":"tester\r"},{"words\r":"testimonials\r"},{"words\r":"testing\r"},{"words\r":"tests\r"},{"words\r":"testtest\r"},{"words\r":"texas\r"},{"words\r":"text\r"},{"words\r":"texto\r"},{"words\r":"texts\r"},{"words\r":"thailand\r"},{"words\r":"theatre\r"},{"words\r":"theboss\r"},{"words\r":"theking\r"},{"words\r":"theme\r"},{"words\r":"themes\r"},{"words\r":"theresa\r"},{"words\r":"thomas\r"},{"words\r":"thread\r"},{"words\r":"thumb\r"},{"words\r":"thumbnails\r"},{"words\r":"thumbs\r"},{"words\r":"thumper\r"},{"words\r":"thunder\r"},{"words\r":"thunderb\r"},{"words\r":"thursday\r"},{"words\r":"thx1138\r"},{"words\r":"ticket\r"},{"words\r":"tienda\r"},{"words\r":"tiffany\r"},{"words\r":"tiger\r"},{"words\r":"tigers\r"},{"words\r":"tigger\r"},{"words\r":"tigre\r"},{"words\r":"tim\r"},{"words\r":"timber\r"},{"words\r":"time\r"},{"words\r":"timeline\r"},{"words\r":"timothy\r"},{"words\r":"tina\r"},{"words\r":"tinker\r"},{"words\r":"tintin\r"},{"words\r":"tip\r"},{"words\r":"tips\r"},{"words\r":"title\r"},{"words\r":"titles\r"},{"words\r":"titular\r"},{"words\r":"titulars\r"},{"words\r":"tmp\r"},{"words\r":"tn\r"},{"words\r":"toby\r"},{"words\r":"toc\r"},{"words\r":"todas\r"},{"words\r":"today\r"},{"words\r":"todo\r"},{"words\r":"todos\r"},{"words\r":"toggle\r"},{"words\r":"tom\r"},{"words\r":"tomato\r"},{"words\r":"tomcat\r"},{"words\r":"tomcat-docs\r"},{"words\r":"tommy\r"},{"words\r":"tony\r"},{"words\r":"tool\r"},{"words\r":"toolbar\r"},{"words\r":"tools\r"},{"words\r":"tootsie\r"},{"words\r":"top\r"},{"words\r":"top1\r"},{"words\r":"topcat\r"},{"words\r":"topgun\r"},{"words\r":"topher\r"},{"words\r":"topic\r"},{"words\r":"topics\r"},{"words\r":"topnav\r"},{"words\r":"topography\r"},{"words\r":"topsites\r"},{"words\r":"toronto\r"},{"words\r":"tortoise\r"},{"words\r":"tos\r"},{"words\r":"tot\r"},{"words\r":"totes\r"},{"words\r":"tots\r"},{"words\r":"tour\r"},{"words\r":"toxic\r"},{"words\r":"toyota\r"},{"words\r":"toys\r"},{"words\r":"tpv\r"},{"words\r":"tr\r"},{"words\r":"trabajador\r"},{"words\r":"trabajadores\r"},{"words\r":"trabajo\r"},{"words\r":"trace\r"},{"words\r":"traceroute\r"},{"words\r":"traci\r"},{"words\r":"tracie\r"},{"words\r":"track\r"},{"words\r":"trackback\r"},{"words\r":"tracker\r"},{"words\r":"tracy\r"},{"words\r":"trademarks\r"},{"words\r":"traffic\r"},{"words\r":"trails\r"},{"words\r":"training\r"},{"words\r":"trans\r"},{"words\r":"transactions\r"},{"words\r":"transfer\r"},{"words\r":"transformations\r"},{"words\r":"transit\r"},{"words\r":"transito\r"},{"words\r":"transmissio\r"},{"words\r":"transparent\r"},{"words\r":"transport\r"},{"words\r":"trap\r"},{"words\r":"trash\r"},{"words\r":"traspaso\r"},{"words\r":"travel\r"},{"words\r":"treballador\r"},{"words\r":"treballadors\r"},{"words\r":"trebor\r"},{"words\r":"tree\r"},{"words\r":"trees\r"},{"words\r":"trek\r"},{"words\r":"trevor\r"},{"words\r":"tricia\r"},{"words\r":"trident\r"},{"words\r":"trisha\r"},{"words\r":"tristan\r"},{"words\r":"trivial\r"},{"words\r":"trixie\r"},{"words\r":"trombone\r"},{"words\r":"trouble\r"},{"words\r":"truck\r"},{"words\r":"trumpet\r"},{"words\r":"trunk\r"},{"words\r":"tst\r"},{"words\r":"tsts\r"},{"words\r":"tty\r"},{"words\r":"tubas\r"},{"words\r":"tucker\r"},{"words\r":"tuesday\r"},{"words\r":"tuning\r"},{"words\r":"turbo\r"},{"words\r":"turtle\r"},{"words\r":"tutorial\r"},{"words\r":"tutorials\r"},{"words\r":"tuttle\r"},{"words\r":"tv\r"},{"words\r":"tweety\r"},{"words\r":"twiki\r"},{"words\r":"twins\r"},{"words\r":"txt\r"},{"words\r":"tyler\r"},{"words\r":"u\r"},{"words\r":"ubuntu-6\r"},{"words\r":"uddi\r"},{"words\r":"ui\r"},{"words\r":"uk\r"},{"words\r":"umesh\r"},{"words\r":"uncategorized\r"},{"words\r":"undead\r"},{"words\r":"unhappy\r"},{"words\r":"unicorn\r"},{"words\r":"uninstall\r"},{"words\r":"unix\r"},{"words\r":"unknown\r"},{"words\r":"up\r"},{"words\r":"update\r"},{"words\r":"updateinstaller\r"},{"words\r":"updates\r"},{"words\r":"upgrade\r"},{"words\r":"upload\r"},{"words\r":"uploader\r"},{"words\r":"uploads\r"},{"words\r":"uranus\r"},{"words\r":"urchin\r"},{"words\r":"url\r"},{"words\r":"ursula\r"},{"words\r":"us\r"},{"words\r":"usa\r"},{"words\r":"usage\r"},{"words\r":"user\r"},{"words\r":"user1\r"},{"words\r":"users\r"},{"words\r":"usr\r"},{"words\r":"ustats\r"},{"words\r":"usuari\r"},{"words\r":"usuario\r"},{"words\r":"usuarios\r"},{"words\r":"usuaris\r"},{"words\r":"util\r"},{"words\r":"utilities\r"},{"words\r":"utility\r"},{"words\r":"utils\r"},{"words\r":"utopia\r"},{"words\r":"uucp\r"},{"words\r":"v\r"},{"words\r":"v2\r"},{"words\r":"vacio\r"},{"words\r":"vader\r"},{"words\r":"valentin\r"},{"words\r":"valerie\r"},{"words\r":"valhalla\r"},{"words\r":"validation\r"},{"words\r":"validatior\r"},{"words\r":"vanilla\r"},{"words\r":"vap\r"},{"words\r":"var\r"},{"words\r":"vasant\r"},{"words\r":"vb\r"},{"words\r":"vbs\r"},{"words\r":"vbscript\r"},{"words\r":"vbscripts\r"},{"words\r":"vcss\r"},{"words\r":"vell\r"},{"words\r":"velvet\r"},{"words\r":"vendor\r"},{"words\r":"ventana\r"},{"words\r":"venus\r"},{"words\r":"ver\r"},{"words\r":"vermont\r"},{"words\r":"veronica\r"},{"words\r":"version\r"},{"words\r":"vertigo\r"},{"words\r":"veure\r"},{"words\r":"vfs\r"},{"words\r":"vi\r"},{"words\r":"viagra\r"},{"words\r":"vicky\r"},{"words\r":"victor\r"},{"words\r":"victoria\r"},{"words\r":"victory\r"},{"words\r":"video\r"},{"words\r":"videos\r"},{"words\r":"viejo\r"},{"words\r":"view\r"},{"words\r":"viewer\r"},{"words\r":"viewforum\r"},{"words\r":"viewonline\r"},{"words\r":"views\r"},{"words\r":"viewtopic\r"},{"words\r":"viking\r"},{"words\r":"village\r"},{"words\r":"vincent\r"},{"words\r":"violet\r"},{"words\r":"viper\r"},{"words\r":"viper1\r"},{"words\r":"virgin\r"},{"words\r":"virginia\r"},{"words\r":"virtual\r"},{"words\r":"virus\r"},{"words\r":"visa\r"},{"words\r":"vision\r"},{"words\r":"visitor\r"},{"words\r":"vista\r"},{"words\r":"voip\r"},{"words\r":"volley\r"},{"words\r":"volunteer\r"},{"words\r":"volvo\r"},{"words\r":"voodoo\r"},{"words\r":"vote\r"},{"words\r":"vpn\r"},{"words\r":"w\r"},{"words\r":"w3\r"},{"words\r":"w3c\r"},{"words\r":"walker\r"},{"words\r":"wallpapers\r"},{"words\r":"wally\r"},{"words\r":"walter\r"},{"words\r":"wanker\r"},{"words\r":"warcraft\r"},{"words\r":"warez\r"},{"words\r":"wargames\r"},{"words\r":"warner\r"},{"words\r":"warren\r"},{"words\r":"warrior\r"},{"words\r":"warriors\r"},{"words\r":"water\r"},{"words\r":"watson\r"},{"words\r":"wayne\r"},{"words\r":"wdav\r"},{"words\r":"weasel\r"},{"words\r":"weather\r"},{"words\r":"web\r"},{"words\r":"webaccess\r"},{"words\r":"webadmin\r"},{"words\r":"webapp\r"},{"words\r":"webboard\r"},{"words\r":"webcart\r"},{"words\r":"webcast\r"},{"words\r":"webcasts\r"},{"words\r":"webcgi\r"},{"words\r":"webdata\r"},{"words\r":"webdav\r"},{"words\r":"webdist\r"},{"words\r":"webhits\r"},{"words\r":"weblog\r"},{"words\r":"weblogic\r"},{"words\r":"weblogs\r"},{"words\r":"webmail\r"},{"words\r":"webmaste\r"},{"words\r":"webmaster\r"},{"words\r":"webmasters\r"},{"words\r":"websearch\r"},{"words\r":"website\r"},{"words\r":"webstat\r"},{"words\r":"webstats\r"},{"words\r":"webster\r"},{"words\r":"webvpn\r"},{"words\r":"weekly\r"},{"words\r":"weenie\r"},{"words\r":"welcome\r"},{"words\r":"wellcome\r"},{"words\r":"wendi\r"},{"words\r":"wendy\r"},{"words\r":"wesley\r"},{"words\r":"western\r"},{"words\r":"what\r"},{"words\r":"whatever\r"},{"words\r":"whatnot\r"},{"words\r":"whatsnew\r"},{"words\r":"wheeling\r"},{"words\r":"wheels\r"},{"words\r":"whisky\r"},{"words\r":"white\r"},{"words\r":"whitepaper\r"},{"words\r":"whitepapers\r"},{"words\r":"whiting\r"},{"words\r":"whitney\r"},{"words\r":"who\r"},{"words\r":"whois\r"},{"words\r":"wholesale\r"},{"words\r":"whosonline\r"},{"words\r":"why\r"},{"words\r":"wifi\r"},{"words\r":"wii\r"},{"words\r":"wiki\r"},{"words\r":"wilbur\r"},{"words\r":"will\r"},{"words\r":"william\r"},{"words\r":"williams\r"},{"words\r":"williamsburg\r"},{"words\r":"willie\r"},{"words\r":"willow\r"},{"words\r":"willy\r"},{"words\r":"wilma\r"},{"words\r":"wilson\r"},{"words\r":"win\r"},{"words\r":"win95\r"},{"words\r":"windows\r"},{"words\r":"windsurf\r"},{"words\r":"wink\r"},{"words\r":"winner\r"},{"words\r":"winnie\r"},{"words\r":"winston\r"},{"words\r":"winter\r"},{"words\r":"wireless\r"},{"words\r":"wisconsin\r"},{"words\r":"wisdom\r"},{"words\r":"wizard\r"},{"words\r":"wolf\r"},{"words\r":"wolf1\r"},{"words\r":"wolfMan\r"},{"words\r":"wolfgang\r"},{"words\r":"wolverin\r"},{"words\r":"wolves\r"},{"words\r":"wombat\r"},{"words\r":"wonder\r"},{"words\r":"woodwind\r"},{"words\r":"woody\r"},{"words\r":"word\r"},{"words\r":"wordpress\r"},{"words\r":"work\r"},{"words\r":"workplace\r"},{"words\r":"workshop\r"},{"words\r":"workshops\r"},{"words\r":"world\r"},{"words\r":"worldwide\r"},{"words\r":"wormwood\r"},{"words\r":"wp\r"},{"words\r":"wp-content\r"},{"words\r":"wp-includes\r"},{"words\r":"wp-login\r"},{"words\r":"wp-register\r"},{"words\r":"wp-rss2\r"},{"words\r":"wqsb\r"},{"words\r":"wrangler\r"},{"words\r":"wright\r"},{"words\r":"writing\r"},{"words\r":"ws\r"},{"words\r":"wstats\r"},{"words\r":"wusage\r"},{"words\r":"wwhelp\r"},{"words\r":"www\r"},{"words\r":"wwwboard\r"},{"words\r":"wwwjoin\r"},{"words\r":"wwwlog\r"},{"words\r":"wwwstats\r"},{"words\r":"wyoming\r"},{"words\r":"x\r"},{"words\r":"xanadu\r"},{"words\r":"xavier\r"},{"words\r":"xbox\r"},{"words\r":"xcache\r"},{"words\r":"xcountry\r"},{"words\r":"xdb\r"},{"words\r":"xfer\r"},{"words\r":"xfiles\r"},{"words\r":"xml\r"},{"words\r":"xmlrpc\r"},{"words\r":"xmodem\r"},{"words\r":"xsl\r"},{"words\r":"xsql\r"},{"words\r":"xxx\r"},{"words\r":"xxxx\r"},{"words\r":"xyz\r"},{"words\r":"xyzzy\r"},{"words\r":"y\r"},{"words\r":"yaco\r"},{"words\r":"yahoo\r"},{"words\r":"yamaha\r"},{"words\r":"yang\r"},{"words\r":"yankees\r"},{"words\r":"yellow\r"},{"words\r":"yellowstone\r"},{"words\r":"yoda\r"},{"words\r":"yolanda\r"},{"words\r":"yomama\r"},{"words\r":"yosemite\r"},{"words\r":"young\r"},{"words\r":"yvonne\r"},{"words\r":"z\r"},{"words\r":"zachary\r"},{"words\r":"zap\r"},{"words\r":"zapata\r"},{"words\r":"zaphod\r"},{"words\r":"zebra\r"},{"words\r":"zenith\r"},{"words\r":"zephyr\r"},{"words\r":"zeppelin\r"},{"words\r":"zeus\r"},{"words\r":"zh\r"},{"words\r":"zh_CN\r"},{"words\r":"zh_TW\r"},{"words\r":"zhongguo\r"},{"words\r":"ziggy\r"},{"words\r":"zimmerman\r"},{"words\r":"zip\r"},{"words\r":"zipfiles\r"},{"words\r":"zips\r"},{"words\r":"zmodem\r"},{"words\r":"zombie\r"},{"words\r":"zorro\r"},{"words\r":"zxcvbnm\r"},{"words\r":"~\r"},{"words\r":"~adm\r"},{"words\r":"~admin\r"},{"words\r":"~administrator\r"},{"words\r":"~bin\r"},{"words\r":"~ftp\r"},{"words\r":"~guest\r"},{"words\r":"~mail\r"},{"words\r":"~operator\r"},{"words\r":"~root\r"},{"words\r":"~sys\r"},{"words\r":"~sysadm\r"},{"words\r":"~sysadmin\r"},{"words\r":"~test\r"},{"words\r":"~user\r"},{"words\r":"~webmaster\r"},{"words\r":"~www\r"},{"words\r":""}]